Target,xF bin,Mass bin,Raw Cross Section \pm stat. error \pm syst. error,Unfolded (clean) Cross Section (iter=3) \pm stat. error \pm syst. error,Unfolded (messy) Cross Section (iter=3) \pm stat. error \pm syst. error,Unfolded (clean) Cross Section (iter=4) \pm stat. error \pm syst. error,Unfolded (messy) Cross Section (iter=4) \pm stat. error \pm syst. error,Unfolding syst (clean) [%],Unfolding syst (messy) [%]
LH2,-0.05 <= xF < 0.00,4.50 <= Mass < 4.80,0.054967 \pm 0.054967 \pm 0.018316,-,-,-,-,-,-
LH2,-0.05 <= xF < 0.00,4.80 <= Mass < 5.10,0.209037 \pm 0.535377 \pm 0.072336,0.503004 \pm 0.446919 \pm 0.174061,0.543049 \pm 0.345677 \pm 0.187918,-,-,6.59,6.84
LH2,-0.05 <= xF < 0.00,5.10 <= Mass < 5.40,0.327848 \pm 0.119368 \pm 0.038073,0.327877 \pm 0.118108 \pm 0.038077,0.330705 \pm 0.119239 \pm 0.038405,-,-,3.96,3.51
LH2,-0.05 <= xF < 0.00,5.40 <= Mass < 5.70,0.302122 \pm 0.093319 \pm 0.027120,0.336176 \pm 0.063008 \pm 0.030177,0.291728 \pm 0.052132 \pm 0.026187,-,-,2.89,3.32
LH2,-0.05 <= xF < 0.00,5.70 <= Mass < 6.00,0.177762 \pm 0.029248 \pm 0.010969,0.163707 \pm 0.028742 \pm 0.010102,0.193576 \pm 0.034816 \pm 0.011945,-,-,2.92,2.10
LH2,-0.05 <= xF < 0.00,6.00 <= Mass < 6.30,0.093600 \pm 0.031194 \pm 0.005773,0.095364 \pm 0.021248 \pm 0.005881,0.087810 \pm 0.019830 \pm 0.005415,-,-,7.44,8.58
LH2,-0.05 <= xF < 0.00,6.30 <= Mass < 6.60,0.083622 \pm 0.019381 \pm 0.004719,0.068345 \pm 0.014420 \pm 0.003857,0.081462 \pm 0.014407 \pm 0.004597,-,-,2.79,4.01
LH2,-0.05 <= xF < 0.00,6.60 <= Mass < 6.90,0.058602 \pm 0.017459 \pm 0.003301,0.058801 \pm 0.011611 \pm 0.003312,0.050204 \pm 0.010747 \pm 0.002828,-,-,3.61,4.35
LH2,-0.05 <= xF < 0.00,6.90 <= Mass < 7.50,0.044300 \pm 0.011438 \pm 0.002076,0.036569 \pm 0.009588 \pm 0.001714,0.031951 \pm 0.008497 \pm 0.001498,-,-,3.25,3.60
LH2,-0.05 <= xF < 0.00,7.50 <= Mass < 8.80,0.005821 \pm 0.004116 \pm 0.000531,0.006405 \pm 0.003562 \pm 0.000584,0.006072 \pm 0.003092 \pm 0.000554,-,-,18.73,19.25
LH2,0.00 <= xF < 0.05,4.20 <= Mass < 4.50,0.074408 \pm 0.074408 \pm 0.035582,-,-,-,-,-,-
LH2,0.00 <= xF < 0.05,4.50 <= Mass < 4.80,0.696437 \pm 0.865692 \pm 0.335256,1.088223 \pm 0.970021 \pm 0.523857,-,-,-,14.80,-
LH2,0.00 <= xF < 0.05,4.80 <= Mass < 5.10,0.396597 \pm 0.211556 \pm 0.058519,0.306933 \pm 0.163603 \pm 0.045289,0.493608 \pm 0.256124 \pm 0.072833,-,-,5.94,6.44
LH2,0.00 <= xF < 0.05,5.10 <= Mass < 5.40,0.157904 \pm 0.122464 \pm 0.015940,0.232833 \pm 0.082776 \pm 0.023504,0.175760 \pm 0.090824 \pm 0.017743,-,-,4.63,7.22
LH2,0.00 <= xF < 0.05,5.40 <= Mass < 5.70,0.208755 \pm 0.058286 \pm 0.013818,0.168091 \pm 0.043877 \pm 0.011126,0.189721 \pm 0.055586 \pm 0.012558,-,-,3.24,3.56
LH2,0.00 <= xF < 0.05,5.70 <= Mass < 6.00,0.104962 \pm 0.038847 \pm 0.005891,0.124569 \pm 0.029568 \pm 0.006992,0.136233 \pm 0.032122 \pm 0.007646,-,-,3.13,3.49
LH2,0.00 <= xF < 0.05,6.00 <= Mass < 6.30,0.115070 \pm 0.027496 \pm 0.006058,0.096827 \pm 0.020840 \pm 0.005097,0.087211 \pm 0.017743 \pm 0.004591,-,-,2.07,2.66
LH2,0.00 <= xF < 0.05,6.30 <= Mass < 6.60,0.078848 \pm 0.015726 \pm 0.003815,0.076838 \pm 0.013028 \pm 0.003717,0.076778 \pm 0.012753 \pm 0.003715,-,-,2.04,2.50
LH2,0.00 <= xF < 0.05,6.60 <= Mass < 6.90,0.046556 \pm 0.013302 \pm 0.002341,0.061408 \pm 0.010972 \pm 0.003088,0.061482 \pm 0.010171 \pm 0.003092,-,-,2.27,2.10
LH2,0.00 <= xF < 0.05,6.90 <= Mass < 7.50,0.045345 \pm 0.010998 \pm 0.001922,0.039411 \pm 0.009809 \pm 0.001671,0.034957 \pm 0.009095 \pm 0.001482,-,-,2.52,2.60
LH2,0.00 <= xF < 0.05,7.50 <= Mass < 8.80,0.008194 \pm 0.004731 \pm 0.000547,0.007218 \pm 0.004124 \pm 0.000482,0.007676 \pm 0.004289 \pm 0.000512,-,-,14.51,13.63
LH2,0.05 <= xF < 0.10,4.20 <= Mass < 4.50,0.007125 \pm 0.015933 \pm 0.001617,0.078135 \pm 0.084333 \pm 0.017735,0.066270 \pm 0.067732 \pm 0.015042,-,-,8.90,7.94
LH2,0.05 <= xF < 0.10,4.50 <= Mass < 4.80,0.696785 \pm 0.368738 \pm 0.157621,0.663313 \pm 0.286059 \pm 0.150049,0.542421 \pm 0.282192 \pm 0.122702,-,-,6.83,7.64
LH2,0.05 <= xF < 0.10,4.80 <= Mass < 5.10,0.721154 \pm 0.132724 \pm 0.086529,0.694637 \pm 0.129044 \pm 0.083347,0.699704 \pm 0.139952 \pm 0.083955,-,-,5.13,5.93
LH2,0.05 <= xF < 0.10,5.10 <= Mass < 5.40,0.247378 \pm 0.081788 \pm 0.018847,0.336804 \pm 0.059119 \pm 0.025660,0.382253 \pm 0.063918 \pm 0.029123,-,-,4.68,2.51
LH2,0.05 <= xF < 0.10,5.40 <= Mass < 5.70,0.198958 \pm 0.039762 \pm 0.010873,0.162650 \pm 0.029200 \pm 0.008889,0.156693 \pm 0.026926 \pm 0.008563,-,-,5.53,5.63
LH2,0.05 <= xF < 0.10,5.70 <= Mass < 6.00,0.131270 \pm 0.036164 \pm 0.006756,0.157429 \pm 0.026632 \pm 0.008102,0.141238 \pm 0.024399 \pm 0.007268,-,-,2.83,2.50
LH2,0.05 <= xF < 0.10,6.00 <= Mass < 6.30,0.128357 \pm 0.026377 \pm 0.005736,0.095273 \pm 0.017006 \pm 0.004258,0.098986 \pm 0.016963 \pm 0.004423,-,-,4.79,5.34
LH2,0.05 <= xF < 0.10,6.30 <= Mass < 6.60,0.064381 \pm 0.016311 \pm 0.002768,0.059814 \pm 0.011618 \pm 0.002572,0.059186 \pm 0.011715 \pm 0.002545,-,-,4.18,4.45
LH2,0.05 <= xF < 0.10,6.60 <= Mass < 6.90,0.024061 \pm 0.009639 \pm 0.001094,0.028487 \pm 0.006364 \pm 0.001296,0.031440 \pm 0.006308 \pm 0.001430,-,-,12.05,11.89
LH2,0.05 <= xF < 0.10,6.90 <= Mass < 7.50,0.022575 \pm 0.006517 \pm 0.000852,0.020530 \pm 0.005330 \pm 0.000775,0.021355 \pm 0.004915 \pm 0.000806,-,-,6.54,7.70
LH2,0.05 <= xF < 0.10,7.50 <= Mass < 8.80,0.015961 \pm 0.005047 \pm 0.000697,0.014292 \pm 0.005123 \pm 0.000624,0.013624 \pm 0.004965 \pm 0.000595,-,-,7.49,8.02
LH2,0.10 <= xF < 0.15,3.90 <= Mass < 4.20,7.220823 \pm 2.947889 \pm 13.798601,-,-,-,-,-,-
LH2,0.10 <= xF < 0.15,4.20 <= Mass < 4.50,1.027061 \pm 0.245408 \pm 0.306051,1.094681 \pm 0.286207 \pm 0.326201,1.428153 \pm 0.378323 \pm 0.425572,-,-,8.77,5.69
LH2,0.10 <= xF < 0.15,4.50 <= Mass < 4.80,1.058540 \pm 0.181366 \pm 0.161364,1.111228 \pm 0.175580 \pm 0.169396,1.053914 \pm 0.186289 \pm 0.160659,-,-,6.75,9.02
LH2,0.10 <= xF < 0.15,4.80 <= Mass < 5.10,0.442162 \pm 0.093804 \pm 0.035634,0.573401 \pm 0.076960 \pm 0.046210,0.509674 \pm 0.062861 \pm 0.041075,-,-,1.42,2.16
LH2,0.10 <= xF < 0.15,5.10 <= Mass < 5.40,0.343186 \pm 0.056883 \pm 0.019696,0.293174 \pm 0.040974 \pm 0.016826,0.337110 \pm 0.045217 \pm 0.019348,-,-,5.43,5.34
LH2,0.10 <= xF < 0.15,5.40 <= Mass < 5.70,0.172969 \pm 0.036603 \pm 0.008848,0.173549 \pm 0.026391 \pm 0.008878,0.170952 \pm 0.025820 \pm 0.008745,-,-,5.20,5.63
LH2,0.10 <= xF < 0.15,5.70 <= Mass < 6.00,0.149917 \pm 0.028323 \pm 0.006747,0.154889 \pm 0.019185 \pm 0.006971,0.145571 \pm 0.019004 \pm 0.006552,-,-,1.26,1.53
LH2,0.10 <= xF < 0.15,6.00 <= Mass < 6.30,0.150508 \pm 0.017487 \pm 0.006062,0.118970 \pm 0.014452 \pm 0.004792,0.111066 \pm 0.013741 \pm 0.004474,-,-,3.87,3.18
LH2,0.10 <= xF < 0.15,6.30 <= Mass < 6.60,0.063501 \pm 0.014785 \pm 0.002512,0.076408 \pm 0.010261 \pm 0.003022,0.074169 \pm 0.009743 \pm 0.002934,-,-,1.64,1.80
LH2,0.10 <= xF < 0.15,6.60 <= Mass < 6.90,0.054385 \pm 0.011068 \pm 0.002332,0.048027 \pm 0.007885 \pm 0.002059,0.044817 \pm 0.007230 \pm 0.001922,-,-,3.06,3.55
LH2,0.10 <= xF < 0.15,6.90 <= Mass < 7.50,0.025287 \pm 0.006283 \pm 0.000873,0.023193 \pm 0.005041 \pm 0.000801,0.024039 \pm 0.005199 \pm 0.000830,-,-,4.20,4.82
LH2,0.10 <= xF < 0.15,7.50 <= Mass < 8.80,0.011837 \pm 0.003946 \pm 0.000445,0.010145 \pm 0.003831 \pm 0.000381,0.010001 \pm 0.003680 \pm 0.000376,-,-,3.70,4.27
LH2,0.15 <= xF < 0.20,4.20 <= Mass < 4.50,1.405427 \pm 0.195633 \pm 0.285047,0.917572 \pm 0.416615 \pm 0.186101,1.352515 \pm 0.518863 \pm 0.274315,-,-,4.01,3.37
LH2,0.15 <= xF < 0.20,4.50 <= Mass < 4.80,0.794479 \pm 0.103271 \pm 4.998260,0.881005 \pm 0.094841 \pm 5.542614,0.860065 \pm 0.103126 \pm 5.410877,-,-,2.91,2.57
LH2,0.15 <= xF < 0.20,4.80 <= Mass < 5.10,0.565129 \pm 0.069763 \pm 0.777699,0.601636 \pm 0.050751 \pm 0.827938,0.543052 \pm 0.052915 \pm 0.747317,-,-,1.15,1.49
LH2,0.15 <= xF < 0.20,5.10 <= Mass < 5.40,0.425783 \pm 0.048895 \pm 0.022540,0.412037 \pm 0.034919 \pm 0.021812,0.445231 \pm 0.034949 \pm 0.023570,-,-,3.08,1.84
LH2,0.15 <= xF < 0.20,5.40 <= Mass < 5.70,0.227763 \pm 0.019717 \pm 0.009733,0.252376 \pm 0.019538 \pm 0.010785,0.255513 \pm 0.018683 \pm 0.010919,-,-,2.89,2.01
LH2,0.15 <= xF < 0.20,5.70 <= Mass < 6.00,0.197169 \pm 0.023037 \pm 0.008018,0.183686 \pm 0.017301 \pm 0.007470,0.181226 \pm 0.017468 \pm 0.007370,-,-,1.36,1.26
LH2,0.15 <= xF < 0.20,6.00 <= Mass < 6.30,0.120550 \pm 0.019994 \pm 0.004944,0.110351 \pm 0.014205 \pm 0.004526,0.103513 \pm 0.013174 \pm 0.004245,-,-,1.36,1.92
LH2,0.15 <= xF < 0.20,6.30 <= Mass < 6.60,0.067417 \pm 0.013820 \pm 0.002519,0.064586 \pm 0.008603 \pm 0.002413,0.054594 \pm 0.007757 \pm 0.002040,-,-,3.31,3.42
LH2,0.15 <= xF < 0.20,6.60 <= Mass < 6.90,0.040137 \pm 0.008169 \pm 0.001417,0.040117 \pm 0.006813 \pm 0.001416,0.040361 \pm 0.006811 \pm 0.001424,-,-,1.71,1.96
LH2,0.15 <= xF < 0.20,6.90 <= Mass < 7.50,0.029887 \pm 0.010310 \pm 0.001281,0.023214 \pm 0.008508 \pm 0.000995,0.022600 \pm 0.007944 \pm 0.000968,-,-,3.59,3.77
LH2,0.15 <= xF < 0.20,7.50 <= Mass < 8.80,0.002612 \pm 0.001508 \pm 0.000108,0.002464 \pm 0.001180 \pm 0.000102,0.002961 \pm 0.001281 \pm 0.000122,-,-,19.43,19.06
LH2,0.15 <= xF < 0.20,8.80 <= Mass < 10.00,0.004595 \pm 0.004595 \pm 0.000288,0.003763 \pm 0.004385 \pm 0.000236,0.003081 \pm 0.003931 \pm 0.000193,-,-,18.16,20.94
LH2,0.20 <= xF < 0.25,3.90 <= Mass < 4.20,3.302141 \pm 1.329824 \pm 1.512355,1.893325 \pm 0.389736 \pm 0.867128,2.307724 \pm 0.554185 \pm 1.056920,-,-,5.47,7.52
LH2,0.20 <= xF < 0.25,4.20 <= Mass < 4.50,1.186368 \pm 0.113224 \pm 0.139720,1.391538 \pm 0.216022 \pm 0.163883,1.324698 \pm 0.227659 \pm 0.156011,-,-,7.42,4.48
LH2,0.20 <= xF < 0.25,4.50 <= Mass < 4.80,0.577749 \pm 0.114418 \pm 0.047858,0.798530 \pm 0.093376 \pm 0.066146,0.709715 \pm 0.106068 \pm 0.058789,-,-,5.05,3.48
LH2,0.20 <= xF < 0.25,4.80 <= Mass < 5.10,0.517919 \pm 0.036918 \pm 0.027109,0.393686 \pm 0.029922 \pm 0.020606,0.390041 \pm 0.026533 \pm 0.020415,-,-,2.02,1.44
LH2,0.20 <= xF < 0.25,5.10 <= Mass < 5.40,0.312925 \pm 0.034505 \pm 0.013955,0.338131 \pm 0.028436 \pm 0.015079,0.358454 \pm 0.028308 \pm 0.015985,-,-,1.03,1.10
LH2,0.20 <= xF < 0.25,5.40 <= Mass < 5.70,0.231623 \pm 0.025165 \pm 0.009235,0.211625 \pm 0.019481 \pm 0.008438,0.236341 \pm 0.020458 \pm 0.009423,-,-,1.60,1.62
LH2,0.20 <= xF < 0.25,5.70 <= Mass < 6.00,0.130064 \pm 0.021246 \pm 0.004883,0.135662 \pm 0.016934 \pm 0.005094,0.140931 \pm 0.017253 \pm 0.005291,-,-,2.73,3.18
LH2,0.20 <= xF < 0.25,6.00 <= Mass < 6.30,0.087974 \pm 0.018371 \pm 0.003272,0.089309 \pm 0.012719 \pm 0.003322,0.089016 \pm 0.012298 \pm 0.003311,-,-,2.31,2.24
LH2,0.20 <= xF < 0.25,6.30 <= Mass < 6.60,0.086310 \pm 0.015593 \pm 0.002896,0.066179 \pm 0.010917 \pm 0.002220,0.060916 \pm 0.009991 \pm 0.002044,-,-,2.65,2.20
LH2,0.20 <= xF < 0.25,6.60 <= Mass < 6.90,0.030890 \pm 0.010744 \pm 0.001583,0.033160 \pm 0.007340 \pm 0.001700,0.034197 \pm 0.007155 \pm 0.001753,-,-,3.60,2.85
LH2,0.20 <= xF < 0.25,6.90 <= Mass < 7.50,0.017670 \pm 0.006403 \pm 0.000598,0.016009 \pm 0.005116 \pm 0.000542,0.016900 \pm 0.004936 \pm 0.000572,-,-,4.50,5.33
LH2,0.20 <= xF < 0.25,7.50 <= Mass < 8.80,0.006589 \pm 0.002196 \pm 0.000191,0.005201 \pm 0.002024 \pm 0.000150,0.005050 \pm 0.001934 \pm 0.000146,-,-,4.57,4.94
LH2,0.25 <= xF < 0.30,3.90 <= Mass < 4.20,1.382025 \pm 0.190008 \pm 0.200116,1.273139 \pm 0.175706 \pm 0.184349,0.795304 \pm 0.154108 \pm 0.115159,-,-,4.52,3.03
LH2,0.25 <= xF < 0.30,4.20 <= Mass < 4.50,0.876638 \pm 0.095059 \pm 0.074441,1.010910 \pm 0.080372 \pm 0.085843,0.952993 \pm 0.086364 \pm 0.080925,-,-,1.11,1.31
LH2,0.25 <= xF < 0.30,4.50 <= Mass < 4.80,0.821451 \pm 0.064941 \pm 0.052306,0.858022 \pm 0.060129 \pm 0.054634,0.976280 \pm 0.070686 \pm 0.062164,-,-,1.04,3.08
LH2,0.25 <= xF < 0.30,4.80 <= Mass < 5.10,0.471580 \pm 0.037262 \pm 0.022433,0.458546 \pm 0.030356 \pm 0.021813,0.486025 \pm 0.029720 \pm 0.023120,-,-,1.23,1.44
LH2,0.25 <= xF < 0.30,5.10 <= Mass < 5.40,0.306050 \pm 0.027681 \pm 0.012654,0.308186 \pm 0.022058 \pm 0.012742,0.319864 \pm 0.022744 \pm 0.013225,-,-,2.67,4.32
LH2,0.25 <= xF < 0.30,5.40 <= Mass < 5.70,0.218174 \pm 0.024686 \pm 0.008079,0.217570 \pm 0.016929 \pm 0.008057,0.215539 \pm 0.016463 \pm 0.007982,-,-,1.55,2.03
LH2,0.25 <= xF < 0.30,5.70 <= Mass < 6.00,0.153952 \pm 0.013360 \pm 0.005320,0.155995 \pm 0.011123 \pm 0.005391,0.159109 \pm 0.011135 \pm 0.005499,-,-,0.83,0.86
LH2,0.25 <= xF < 0.30,6.00 <= Mass < 6.30,0.104499 \pm 0.010602 \pm 0.003446,0.096270 \pm 0.008816 \pm 0.003174,0.095772 \pm 0.008992 \pm 0.003158,-,-,1.11,1.27
LH2,0.25 <= xF < 0.30,6.30 <= Mass < 6.60,0.052167 \pm 0.012157 \pm 0.001701,0.052207 \pm 0.007868 \pm 0.001703,0.049971 \pm 0.007230 \pm 0.001630,-,-,1.50,1.61
LH2,0.25 <= xF < 0.30,6.60 <= Mass < 6.90,0.042124 \pm 0.009411 \pm 0.001296,0.036976 \pm 0.006080 \pm 0.001138,0.036617 \pm 0.005892 \pm 0.001127,-,-,4.40,3.79
LH2,0.25 <= xF < 0.30,6.90 <= Mass < 7.50,0.021451 \pm 0.004249 \pm 0.000551,0.016709 \pm 0.003493 \pm 0.000429,0.015117 \pm 0.003208 \pm 0.000388,-,-,3.03,3.40
LH2,0.25 <= xF < 0.30,7.50 <= Mass < 8.80,0.001408 \pm 0.000996 \pm 0.000061,0.001158 \pm 0.000677 \pm 0.000051,0.001197 \pm 0.000680 \pm 0.000052,-,-,23.06,23.76
LH2,0.30 <= xF < 0.35,3.90 <= Mass < 4.20,1.502137 \pm 0.146878 \pm 0.163325,1.639031 \pm 0.173810 \pm 0.178209,1.571270 \pm 0.147203 \pm 0.170842,-,-,10.20,9.54
LH2,0.30 <= xF < 0.35,4.20 <= Mass < 4.50,0.862809 \pm 0.073614 \pm 0.060352,0.992404 \pm 0.062277 \pm 0.069417,1.021331 \pm 0.059794 \pm 0.071441,-,-,1.47,1.00
LH2,0.30 <= xF < 0.35,4.50 <= Mass < 4.80,0.594495 \pm 0.047459 \pm 0.031663,0.654153 \pm 0.037590 \pm 0.034840,0.625857 \pm 0.036338 \pm 0.033333,-,-,4.08,5.30
LH2,0.30 <= xF < 0.35,4.80 <= Mass < 5.10,0.444992 \pm 0.031439 \pm 0.019089,0.463096 \pm 0.028149 \pm 0.019866,0.432902 \pm 0.026885 \pm 0.018571,-,-,1.87,3.09
LH2,0.30 <= xF < 0.35,5.10 <= Mass < 5.40,0.322386 \pm 0.021980 \pm 0.012252,0.312532 \pm 0.018105 \pm 0.011877,0.323768 \pm 0.018036 \pm 0.012304,-,-,1.42,1.56
LH2,0.30 <= xF < 0.35,5.40 <= Mass < 5.70,0.217658 \pm 0.019437 \pm 0.007755,0.209760 \pm 0.014627 \pm 0.007473,0.201274 \pm 0.013970 \pm 0.007171,-,-,0.78,0.82
LH2,0.30 <= xF < 0.35,5.70 <= Mass < 6.00,0.115944 \pm 0.014627 \pm 0.003915,0.126462 \pm 0.010551 \pm 0.004270,0.121979 \pm 0.010102 \pm 0.004119,-,-,2.44,2.54
LH2,0.30 <= xF < 0.35,6.00 <= Mass < 6.30,0.098526 \pm 0.009960 \pm 0.003180,0.091065 \pm 0.008765 \pm 0.002939,0.094429 \pm 0.008647 \pm 0.003048,-,-,1.15,1.13
LH2,0.30 <= xF < 0.35,6.30 <= Mass < 6.60,0.064847 \pm 0.012134 \pm 0.002130,0.067631 \pm 0.007915 \pm 0.002221,0.065630 \pm 0.007462 \pm 0.002156,-,-,4.75,4.59
LH2,0.30 <= xF < 0.35,6.60 <= Mass < 6.90,0.054995 \pm 0.008022 \pm 0.001686,0.040846 \pm 0.005901 \pm 0.001252,0.040658 \pm 0.006046 \pm 0.001246,-,-,1.69,2.00
LH2,0.30 <= xF < 0.35,6.90 <= Mass < 7.50,0.016980 \pm 0.005393 \pm 0.000453,0.018700 \pm 0.004515 \pm 0.000499,0.017598 \pm 0.004195 \pm 0.000469,-,-,7.46,8.09
LH2,0.30 <= xF < 0.35,7.50 <= Mass < 8.80,0.008729 \pm 0.002254 \pm 0.000246,0.006793 \pm 0.002104 \pm 0.000191,0.007286 \pm 0.002140 \pm 0.000205,-,-,3.65,2.91
LH2,0.30 <= xF < 0.35,8.80 <= Mass < 10.00,0.002548 \pm 0.002548 \pm 0.000235,0.002571 \pm 0.002425 \pm 0.000237,0.002682 \pm 0.002408 \pm 0.000247,-,-,5.09,3.83
LH2,0.35 <= xF < 0.40,3.90 <= Mass < 4.20,1.373246 \pm 0.085756 \pm 0.112532,1.420891 \pm 0.089139 \pm 0.116436,1.334400 \pm 0.083789 \pm 0.109349,-,-,8.11,12.46
LH2,0.35 <= xF < 0.40,4.20 <= Mass < 4.50,0.706118 \pm 0.047485 \pm 0.039489,0.898870 \pm 0.041923 \pm 0.050269,0.970625 \pm 0.044603 \pm 0.054281,-,-,2.48,2.86
LH2,0.35 <= xF < 0.40,4.50 <= Mass < 4.80,0.568588 \pm 0.033438 \pm 0.026272,0.577469 \pm 0.029407 \pm 0.026683,0.597155 \pm 0.028490 \pm 0.027592,-,-,3.23,5.27
LH2,0.35 <= xF < 0.40,4.80 <= Mass < 5.10,0.397566 \pm 0.027508 \pm 0.016360,0.411058 \pm 0.021715 \pm 0.016915,0.372797 \pm 0.020516 \pm 0.015341,-,-,0.68,1.02
LH2,0.35 <= xF < 0.40,5.10 <= Mass < 5.40,0.273723 \pm 0.019533 \pm 0.009920,0.253467 \pm 0.015196 \pm 0.009186,0.259402 \pm 0.015727 \pm 0.009401,-,-,1.63,0.99
LH2,0.35 <= xF < 0.40,5.40 <= Mass < 5.70,0.132188 \pm 0.015075 \pm 0.004475,0.160784 \pm 0.011813 \pm 0.005443,0.156436 \pm 0.010820 \pm 0.005295,-,-,2.13,0.95
LH2,0.35 <= xF < 0.40,5.70 <= Mass < 6.00,0.133162 \pm 0.013717 \pm 0.004310,0.107405 \pm 0.009307 \pm 0.003477,0.105413 \pm 0.009001 \pm 0.003412,-,-,1.91,1.18
LH2,0.35 <= xF < 0.40,6.00 <= Mass < 6.30,0.083089 \pm 0.010308 \pm 0.002625,0.078950 \pm 0.008602 \pm 0.002494,0.079814 \pm 0.008320 \pm 0.002521,-,-,1.74,2.02
LH2,0.35 <= xF < 0.40,6.30 <= Mass < 6.60,0.051116 \pm 0.011948 \pm 0.001604,0.050790 \pm 0.006781 \pm 0.001593,0.055674 \pm 0.007331 \pm 0.001747,-,-,1.34,1.51
LH2,0.35 <= xF < 0.40,6.60 <= Mass < 6.90,0.039573 \pm 0.006337 \pm 0.001211,0.039193 \pm 0.005222 \pm 0.001199,0.039564 \pm 0.005043 \pm 0.001211,-,-,1.35,1.74
LH2,0.35 <= xF < 0.40,6.90 <= Mass < 7.50,0.018289 \pm 0.003339 \pm 0.000426,0.016316 \pm 0.002750 \pm 0.000380,0.014940 \pm 0.002485 \pm 0.000348,-,-,2.00,2.64
LH2,0.35 <= xF < 0.40,7.50 <= Mass < 8.80,0.006821 \pm 0.001761 \pm 0.000184,0.005273 \pm 0.001651 \pm 0.000142,0.005478 \pm 0.001647 \pm 0.000148,-,-,3.53,3.50
LH2,0.40 <= xF < 0.45,3.90 <= Mass < 4.20,1.357888 \pm 0.072848 \pm 0.098392,1.721163 \pm 0.102305 \pm 0.124714,1.508021 \pm 0.092156 \pm 0.109270,-,-,8.96,10.71
LH2,0.40 <= xF < 0.45,4.20 <= Mass < 4.50,0.662919 \pm 0.044928 \pm 0.036092,0.901248 \pm 0.040448 \pm 0.049068,0.949908 \pm 0.041439 \pm 0.051717,-,-,4.57,4.05
LH2,0.40 <= xF < 0.45,4.50 <= Mass < 4.80,0.497731 \pm 0.028197 \pm 0.021365,0.450321 \pm 0.023813 \pm 0.019330,0.476799 \pm 0.023421 \pm 0.020467,-,-,6.17,7.13
LH2,0.40 <= xF < 0.45,4.80 <= Mass < 5.10,0.332688 \pm 0.021054 \pm 0.012459,0.342228 \pm 0.018077 \pm 0.012816,0.322915 \pm 0.016716 \pm 0.012093,-,-,0.76,1.63
LH2,0.40 <= xF < 0.45,5.10 <= Mass < 5.40,0.232791 \pm 0.018234 \pm 0.008116,0.242490 \pm 0.013918 \pm 0.008454,0.237268 \pm 0.013738 \pm 0.008272,-,-,1.71,1.96
LH2,0.40 <= xF < 0.45,5.40 <= Mass < 5.70,0.172181 \pm 0.014349 \pm 0.005516,0.158555 \pm 0.011085 \pm 0.005080,0.167884 \pm 0.010976 \pm 0.005378,-,-,0.77,0.89
LH2,0.40 <= xF < 0.45,5.70 <= Mass < 6.00,0.093252 \pm 0.012776 \pm 0.002856,0.109106 \pm 0.009527 \pm 0.003341,0.114303 \pm 0.009853 \pm 0.003501,-,-,1.62,1.10
LH2,0.40 <= xF < 0.45,6.00 <= Mass < 6.30,0.094104 \pm 0.010114 \pm 0.002863,0.087404 \pm 0.007687 \pm 0.002659,0.082158 \pm 0.007351 \pm 0.002499,-,-,3.00,3.69
LH2,0.40 <= xF < 0.45,6.30 <= Mass < 6.60,0.066440 \pm 0.009453 \pm 0.001953,0.062841 \pm 0.007199 \pm 0.001847,0.061566 \pm 0.006811 \pm 0.001809,-,-,3.48,2.67
LH2,0.40 <= xF < 0.45,6.60 <= Mass < 6.90,0.031617 \pm 0.007807 \pm 0.000938,0.031064 \pm 0.005704 \pm 0.000922,0.031340 \pm 0.005501 \pm 0.000930,-,-,2.89,4.33
LH2,0.40 <= xF < 0.45,6.90 <= Mass < 7.50,0.013851 \pm 0.005166 \pm 0.000395,0.010192 \pm 0.004014 \pm 0.000291,0.010186 \pm 0.003805 \pm 0.000290,-,-,11.80,13.96
LH2,0.40 <= xF < 0.45,7.50 <= Mass < 8.80,0.001825 \pm 0.002437 \pm 0.000099,0.001411 \pm 0.001828 \pm 0.000077,0.001445 \pm 0.001823 \pm 0.000079,-,-,9.62,9.80
LH2,0.40 <= xF < 0.45,8.80 <= Mass < 10.00,0.001865 \pm 0.001865 \pm 0.000123,0.001404 \pm 0.001822 \pm 0.000093,0.001465 \pm 0.001838 \pm 0.000097,-,-,18.90,18.73
LH2,0.45 <= xF < 0.50,3.90 <= Mass < 4.20,1.125957 \pm 0.053607 \pm 0.071945,1.457569 \pm 0.073128 \pm 0.093134,1.400929 \pm 0.069086 \pm 0.089515,-,-,7.94,7.79
LH2,0.45 <= xF < 0.50,4.20 <= Mass < 4.50,0.512307 \pm 0.033002 \pm 0.025892,0.619385 \pm 0.027213 \pm 0.031304,0.576953 \pm 0.026196 \pm 0.029159,-,-,7.12,8.50
LH2,0.45 <= xF < 0.50,4.50 <= Mass < 4.80,0.438474 \pm 0.023720 \pm 0.017981,0.443562 \pm 0.020312 \pm 0.018189,0.479684 \pm 0.020580 \pm 0.019671,-,-,3.79,2.88
LH2,0.45 <= xF < 0.50,4.80 <= Mass < 5.10,0.308299 \pm 0.017304 \pm 0.011146,0.292361 \pm 0.013349 \pm 0.010569,0.296506 \pm 0.013853 \pm 0.010719,-,-,0.65,0.71
LH2,0.45 <= xF < 0.50,5.10 <= Mass < 5.40,0.189287 \pm 0.015453 \pm 0.006323,0.209312 \pm 0.012328 \pm 0.006992,0.204356 \pm 0.011992 \pm 0.006826,-,-,0.63,0.71
LH2,0.45 <= xF < 0.50,5.40 <= Mass < 5.70,0.136023 \pm 0.012600 \pm 0.004344,0.133089 \pm 0.009522 \pm 0.004251,0.136332 \pm 0.009596 \pm 0.004354,-,-,0.80,1.00
LH2,0.45 <= xF < 0.50,5.70 <= Mass < 6.00,0.093707 \pm 0.009383 \pm 0.002775,0.082782 \pm 0.006768 \pm 0.002452,0.082564 \pm 0.006687 \pm 0.002445,-,-,1.07,1.01
LH2,0.45 <= xF < 0.50,6.00 <= Mass < 6.30,0.057970 \pm 0.008466 \pm 0.001723,0.064016 \pm 0.005998 \pm 0.001903,0.061625 \pm 0.005737 \pm 0.001832,-,-,0.97,0.93
LH2,0.45 <= xF < 0.50,6.30 <= Mass < 6.60,0.051549 \pm 0.006444 \pm 0.001441,0.039286 \pm 0.005033 \pm 0.001098,0.037455 \pm 0.005044 \pm 0.001047,-,-,1.63,2.49
LH2,0.45 <= xF < 0.50,6.60 <= Mass < 6.90,0.017685 \pm 0.007051 \pm 0.000523,0.026357 \pm 0.004394 \pm 0.000780,0.027556 \pm 0.004039 \pm 0.000815,-,-,2.36,1.88
LH2,0.45 <= xF < 0.50,6.90 <= Mass < 7.50,0.025615 \pm 0.003862 \pm 0.000570,0.022461 \pm 0.003592 \pm 0.000499,0.021530 \pm 0.003477 \pm 0.000479,-,-,5.96,5.96
LH2,0.45 <= xF < 0.50,7.50 <= Mass < 8.80,0.005156 \pm 0.001488 \pm 0.000133,0.004453 \pm 0.001395 \pm 0.000115,0.004839 \pm 0.001434 \pm 0.000125,-,-,11.95,11.55
LH2,0.45 <= xF < 0.50,8.80 <= Mass < 10.00,0.001885 \pm 0.001885 \pm 0.000170,0.001391 \pm 0.001591 \pm 0.000125,0.001475 \pm 0.001649 \pm 0.000133,-,-,5.04,4.43
LH2,0.50 <= xF < 0.55,3.90 <= Mass < 4.20,0.801018 \pm 0.042966 \pm 0.044797,1.056570 \pm 0.054767 \pm 0.059088,1.011227 \pm 0.051202 \pm 0.056553,-,-,8.99,8.18
LH2,0.50 <= xF < 0.55,4.20 <= Mass < 4.50,0.508818 \pm 0.022987 \pm 0.022618,0.629739 \pm 0.021780 \pm 0.027993,0.618877 \pm 0.021497 \pm 0.027510,-,-,4.58,4.44
LH2,0.50 <= xF < 0.55,4.50 <= Mass < 4.80,0.241035 \pm 0.019512 \pm 0.009612,0.258378 \pm 0.014389 \pm 0.010304,0.240827 \pm 0.013688 \pm 0.009604,-,-,10.36,9.87
LH2,0.50 <= xF < 0.55,4.80 <= Mass < 5.10,0.214318 \pm 0.014557 \pm 0.007368,0.200347 \pm 0.011615 \pm 0.006888,0.199341 \pm 0.011496 \pm 0.006853,-,-,1.74,2.11
LH2,0.50 <= xF < 0.55,5.10 <= Mass < 5.40,0.181184 \pm 0.012784 \pm 0.005836,0.163454 \pm 0.010183 \pm 0.005265,0.159884 \pm 0.010029 \pm 0.005150,-,-,5.93,5.17
LH2,0.50 <= xF < 0.55,5.40 <= Mass < 5.70,0.109768 \pm 0.012848 \pm 0.003473,0.115492 \pm 0.009794 \pm 0.003654,0.115188 \pm 0.009793 \pm 0.003645,-,-,1.40,1.75
LH2,0.50 <= xF < 0.55,5.70 <= Mass < 6.00,0.060775 \pm 0.009593 \pm 0.001853,0.065362 \pm 0.006872 \pm 0.001992,0.063459 \pm 0.006755 \pm 0.001934,-,-,4.32,3.89
LH2,0.50 <= xF < 0.55,6.00 <= Mass < 6.30,0.041259 \pm 0.007047 \pm 0.001185,0.043318 \pm 0.005247 \pm 0.001244,0.041336 \pm 0.004974 \pm 0.001187,-,-,1.65,1.55
LH2,0.50 <= xF < 0.55,6.30 <= Mass < 6.60,0.040819 \pm 0.006732 \pm 0.001188,0.031897 \pm 0.004332 \pm 0.000929,0.034293 \pm 0.004491 \pm 0.000998,-,-,3.79,3.26
LH2,0.50 <= xF < 0.55,6.60 <= Mass < 6.90,0.021468 \pm 0.004382 \pm 0.000617,0.023738 \pm 0.003339 \pm 0.000682,0.022229 \pm 0.003183 \pm 0.000639,-,-,2.02,1.48
LH2,0.50 <= xF < 0.55,6.90 <= Mass < 7.50,0.012009 \pm 0.002504 \pm 0.000265,0.011373 \pm 0.002132 \pm 0.000251,0.011094 \pm 0.002067 \pm 0.000245,-,-,2.05,2.06
LH2,0.50 <= xF < 0.55,7.50 <= Mass < 8.80,0.004997 \pm 0.001386 \pm 0.000122,0.004029 \pm 0.001352 \pm 0.000098,0.004124 \pm 0.001358 \pm 0.000101,-,-,2.74,2.44
LH2,0.55 <= xF < 0.60,3.90 <= Mass < 4.20,0.521815 \pm 0.028326 \pm 0.026370,0.684181 \pm 0.039138 \pm 0.034576,0.689240 \pm 0.040764 \pm 0.034831,-,-,6.90,7.77
LH2,0.55 <= xF < 0.60,4.20 <= Mass < 4.50,0.336250 \pm 0.019801 \pm 0.014639,0.417764 \pm 0.016493 \pm 0.018188,0.421514 \pm 0.017308 \pm 0.018351,-,-,3.51,3.83
LH2,0.55 <= xF < 0.60,4.50 <= Mass < 4.80,0.237863 \pm 0.015219 \pm 0.009296,0.239277 \pm 0.012869 \pm 0.009351,0.256656 \pm 0.013167 \pm 0.010030,-,-,6.80,6.83
LH2,0.55 <= xF < 0.60,4.80 <= Mass < 5.10,0.167708 \pm 0.013038 \pm 0.006205,0.175017 \pm 0.010661 \pm 0.006475,0.167768 \pm 0.010850 \pm 0.006207,-,-,1.26,1.14
LH2,0.55 <= xF < 0.60,5.10 <= Mass < 5.40,0.119111 \pm 0.009601 \pm 0.003978,0.108240 \pm 0.007418 \pm 0.003615,0.114417 \pm 0.007509 \pm 0.003822,-,-,2.95,2.63
LH2,0.55 <= xF < 0.60,5.40 <= Mass < 5.70,0.082016 \pm 0.009107 \pm 0.002721,0.076677 \pm 0.007427 \pm 0.002544,0.072501 \pm 0.007110 \pm 0.002405,-,-,1.12,1.23
LH2,0.55 <= xF < 0.60,5.70 <= Mass < 6.00,0.039119 \pm 0.008790 \pm 0.001264,0.040232 \pm 0.006185 \pm 0.001300,0.039908 \pm 0.005900 \pm 0.001289,-,-,4.42,3.91
LH2,0.55 <= xF < 0.60,6.00 <= Mass < 6.30,0.030780 \pm 0.007774 \pm 0.000990,0.028842 \pm 0.005133 \pm 0.000928,0.028157 \pm 0.005201 \pm 0.000905,-,-,2.36,2.44
LH2,0.55 <= xF < 0.60,6.30 <= Mass < 6.60,0.025003 \pm 0.005596 \pm 0.000758,0.023281 \pm 0.003992 \pm 0.000705,0.022695 \pm 0.003853 \pm 0.000688,-,-,3.69,4.12
LH2,0.55 <= xF < 0.60,6.60 <= Mass < 6.90,0.019857 \pm 0.004053 \pm 0.000612,0.020021 \pm 0.003122 \pm 0.000617,0.019790 \pm 0.002956 \pm 0.000610,-,-,5.23,5.41
LH2,0.55 <= xF < 0.60,6.90 <= Mass < 7.50,0.010772 \pm 0.002297 \pm 0.000278,0.010511 \pm 0.002100 \pm 0.000272,0.010322 \pm 0.002033 \pm 0.000267,-,-,2.39,2.33
LH2,0.55 <= xF < 0.60,7.50 <= Mass < 8.80,0.002888 \pm 0.001021 \pm 0.000082,0.002110 \pm 0.000922 \pm 0.000060,0.002248 \pm 0.000939 \pm 0.000064,-,-,11.18,11.51
LH2,0.60 <= xF < 0.65,3.90 <= Mass < 4.20,0.549356 \pm 0.025467 \pm 0.029371,0.659673 \pm 0.030703 \pm 0.035269,0.683376 \pm 0.032287 \pm 0.036536,-,-,9.44,9.69
LH2,0.60 <= xF < 0.65,4.20 <= Mass < 4.50,0.232714 \pm 0.015171 \pm 0.010243,0.355361 \pm 0.013356 \pm 0.015641,0.340888 \pm 0.013451 \pm 0.015004,-,-,4.77,6.03
LH2,0.60 <= xF < 0.65,4.50 <= Mass < 4.80,0.181209 \pm 0.013159 \pm 0.007343,0.167061 \pm 0.010013 \pm 0.006770,0.163339 \pm 0.009658 \pm 0.006619,-,-,9.89,9.61
LH2,0.60 <= xF < 0.65,4.80 <= Mass < 5.10,0.112860 \pm 0.009311 \pm 0.004192,0.112747 \pm 0.007817 \pm 0.004188,0.111878 \pm 0.007698 \pm 0.004156,-,-,2.77,3.16
LH2,0.60 <= xF < 0.65,5.10 <= Mass < 5.40,0.076767 \pm 0.008032 \pm 0.002761,0.075465 \pm 0.005957 \pm 0.002714,0.083349 \pm 0.006188 \pm 0.002998,-,-,1.12,1.03
LH2,0.60 <= xF < 0.65,5.40 <= Mass < 5.70,0.056737 \pm 0.006939 \pm 0.001941,0.052763 \pm 0.005349 \pm 0.001805,0.052123 \pm 0.005253 \pm 0.001783,-,-,2.47,2.64
LH2,0.60 <= xF < 0.65,5.70 <= Mass < 6.00,0.040828 \pm 0.007858 \pm 0.001354,0.040453 \pm 0.005983 \pm 0.001342,0.038966 \pm 0.005646 \pm 0.001292,-,-,2.09,1.83
LH2,0.60 <= xF < 0.65,6.00 <= Mass < 6.30,0.026131 \pm 0.006631 \pm 0.000894,0.027778 \pm 0.004438 \pm 0.000951,0.026711 \pm 0.004334 \pm 0.000914,-,-,1.61,1.54
LH2,0.60 <= xF < 0.65,6.30 <= Mass < 6.60,0.021117 \pm 0.003733 \pm 0.000695,0.018850 \pm 0.003655 \pm 0.000621,0.019295 \pm 0.003620 \pm 0.000635,-,-,1.90,1.86
LH2,0.60 <= xF < 0.65,6.60 <= Mass < 6.90,0.011916 \pm 0.005932 \pm 0.000448,0.012306 \pm 0.003744 \pm 0.000462,0.012053 \pm 0.003666 \pm 0.000453,-,-,2.80,2.84
LH2,0.60 <= xF < 0.65,6.90 <= Mass < 7.50,0.006513 \pm 0.002031 \pm 0.000186,0.005716 \pm 0.001730 \pm 0.000163,0.005672 \pm 0.001708 \pm 0.000162,-,-,3.27,3.14
LH2,0.60 <= xF < 0.65,7.50 <= Mass < 8.80,0.001908 \pm 0.000779 \pm 0.000060,0.001356 \pm 0.000708 \pm 0.000043,0.001451 \pm 0.000731 \pm 0.000046,-,-,6.24,6.45
LH2,0.65 <= xF < 0.70,3.90 <= Mass < 4.20,0.243093 \pm 0.019244 \pm 0.012780,0.286907 \pm 0.024357 \pm 0.015083,0.265493 \pm 0.022481 \pm 0.013957,-,-,6.88,7.35
LH2,0.65 <= xF < 0.70,4.20 <= Mass < 4.50,0.160719 \pm 0.011544 \pm 0.007545,0.204710 \pm 0.010412 \pm 0.009611,0.213230 \pm 0.010710 \pm 0.010011,-,-,2.86,2.09
LH2,0.65 <= xF < 0.70,4.50 <= Mass < 4.80,0.122449 \pm 0.009496 \pm 0.005281,0.122730 \pm 0.008346 \pm 0.005293,0.122696 \pm 0.008123 \pm 0.005292,-,-,5.05,6.20
LH2,0.65 <= xF < 0.70,4.80 <= Mass < 5.10,0.070781 \pm 0.008317 \pm 0.002895,0.074826 \pm 0.006658 \pm 0.003060,0.073849 \pm 0.006521 \pm 0.003020,-,-,4.05,4.80
LH2,0.65 <= xF < 0.70,5.10 <= Mass < 5.40,0.056720 \pm 0.008750 \pm 0.002240,0.058269 \pm 0.006208 \pm 0.002302,0.057676 \pm 0.006254 \pm 0.002278,-,-,1.47,1.46
LH2,0.65 <= xF < 0.70,5.40 <= Mass < 5.70,0.051394 \pm 0.005272 \pm 0.001938,0.043973 \pm 0.004572 \pm 0.001658,0.042298 \pm 0.004451 \pm 0.001595,-,-,3.62,4.23
LH2,0.65 <= xF < 0.70,5.70 <= Mass < 6.00,0.024340 \pm 0.005584 \pm 0.000912,0.030200 \pm 0.004669 \pm 0.001132,0.029868 \pm 0.004628 \pm 0.001120,-,-,2.17,2.23
LH2,0.65 <= xF < 0.70,6.00 <= Mass < 6.30,0.020236 \pm 0.005836 \pm 0.000756,0.018118 \pm 0.004000 \pm 0.000677,0.019157 \pm 0.003982 \pm 0.000716,-,-,3.26,2.95
LH2,0.65 <= xF < 0.70,6.30 <= Mass < 6.60,0.014224 \pm 0.004638 \pm 0.000510,0.013696 \pm 0.003175 \pm 0.000491,0.012948 \pm 0.003017 \pm 0.000464,-,-,2.44,2.74
LH2,0.65 <= xF < 0.70,6.60 <= Mass < 6.90,0.009479 \pm 0.002736 \pm 0.000335,0.010615 \pm 0.002246 \pm 0.000376,0.011347 \pm 0.002359 \pm 0.000401,-,-,3.19,3.03
LH2,0.65 <= xF < 0.70,6.90 <= Mass < 7.50,0.007557 \pm 0.001938 \pm 0.000240,0.006816 \pm 0.001773 \pm 0.000216,0.006451 \pm 0.001665 \pm 0.000205,-,-,4.99,5.40
LH2,0.65 <= xF < 0.70,7.50 <= Mass < 8.80,0.001587 \pm 0.000710 \pm 0.000051,0.001172 \pm 0.000649 \pm 0.000038,0.001301 \pm 0.000676 \pm 0.000042,-,-,12.21,11.17
LH2,0.70 <= xF < 0.75,3.90 <= Mass < 4.20,0.168304 \pm 0.015371 \pm 0.008485,0.209530 \pm 0.019979 \pm 0.010563,0.228726 \pm 0.021373 \pm 0.011531,-,-,5.10,5.76
LH2,0.70 <= xF < 0.75,4.20 <= Mass < 4.50,0.114285 \pm 0.009523 \pm 0.005126,0.145245 \pm 0.008612 \pm 0.006515,0.145930 \pm 0.008558 \pm 0.006545,-,-,2.33,3.00
LH2,0.70 <= xF < 0.75,4.50 <= Mass < 4.80,0.079241 \pm 0.007608 \pm 0.003180,0.076450 \pm 0.006229 \pm 0.003068,0.073492 \pm 0.005929 \pm 0.002950,-,-,3.59,4.47
LH2,0.70 <= xF < 0.75,4.80 <= Mass < 5.10,0.052728 \pm 0.007251 \pm 0.002011,0.048141 \pm 0.005327 \pm 0.001836,0.048300 \pm 0.005264 \pm 0.001842,-,-,3.14,3.21
LH2,0.70 <= xF < 0.75,5.10 <= Mass < 5.40,0.029920 \pm 0.004857 \pm 0.001073,0.033593 \pm 0.004116 \pm 0.001204,0.033854 \pm 0.004171 \pm 0.001214,-,-,2.88,2.29
LH2,0.70 <= xF < 0.75,5.40 <= Mass < 5.70,0.027880 \pm 0.004534 \pm 0.000963,0.022789 \pm 0.003104 \pm 0.000787,0.022871 \pm 0.003200 \pm 0.000790,-,-,1.37,1.59
LH2,0.70 <= xF < 0.75,5.70 <= Mass < 6.00,0.018227 \pm 0.003173 \pm 0.000600,0.020232 \pm 0.002711 \pm 0.000666,0.020237 \pm 0.002711 \pm 0.000666,-,-,3.45,3.38
LH2,0.70 <= xF < 0.75,6.00 <= Mass < 6.30,0.016685 \pm 0.003272 \pm 0.000540,0.018728 \pm 0.002634 \pm 0.000606,0.017340 \pm 0.002430 \pm 0.000562,-,-,7.07,7.02
LH2,0.70 <= xF < 0.75,6.30 <= Mass < 6.60,0.015228 \pm 0.003175 \pm 0.000496,0.010346 \pm 0.003296 \pm 0.000337,0.010411 \pm 0.003159 \pm 0.000339,-,-,4.39,3.63
LH2,0.70 <= xF < 0.75,6.60 <= Mass < 6.90,0.001987 \pm 0.004224 \pm 0.000218,0.003944 \pm 0.002047 \pm 0.000432,0.004100 \pm 0.002065 \pm 0.000449,-,-,14.40,14.50
LH2,0.70 <= xF < 0.75,6.90 <= Mass < 7.50,0.001629 \pm 0.000940 \pm 0.000045,0.001181 \pm 0.000708 \pm 0.000032,0.001266 \pm 0.000709 \pm 0.000035,-,-,13.28,15.01
LH2,0.70 <= xF < 0.75,7.50 <= Mass < 8.80,0.001235 \pm 0.000713 \pm 0.000040,0.001012 \pm 0.000721 \pm 0.000033,0.000972 \pm 0.000702 \pm 0.000031,-,-,8.54,9.82
LH2,0.75 <= xF < 0.80,3.90 <= Mass < 4.20,0.114689 \pm 0.012251 \pm 0.006555,0.154797 \pm 0.016286 \pm 0.008847,0.152545 \pm 0.015896 \pm 0.008718,-,-,8.63,9.04
LH2,0.75 <= xF < 0.80,4.20 <= Mass < 4.50,0.068242 \pm 0.006242 \pm 0.003296,0.079459 \pm 0.005906 \pm 0.003838,0.082006 \pm 0.005849 \pm 0.003961,-,-,5.71,5.21
LH2,0.75 <= xF < 0.80,4.50 <= Mass < 4.80,0.027293 \pm 0.006235 \pm 0.001058,0.029814 \pm 0.004265 \pm 0.001156,0.029671 \pm 0.004389 \pm 0.001151,-,-,12.27,13.13
LH2,0.75 <= xF < 0.80,4.80 <= Mass < 5.10,0.024900 \pm 0.004117 \pm 0.000859,0.020904 \pm 0.003187 \pm 0.000722,0.021671 \pm 0.003196 \pm 0.000748,-,-,3.90,4.54
LH2,0.75 <= xF < 0.80,5.10 <= Mass < 5.40,0.018400 \pm 0.002943 \pm 0.000602,0.016787 \pm 0.002545 \pm 0.000549,0.016826 \pm 0.002527 \pm 0.000551,-,-,2.89,2.75
LH2,0.75 <= xF < 0.80,5.40 <= Mass < 5.70,0.012420 \pm 0.003467 \pm 0.000398,0.013513 \pm 0.002561 \pm 0.000433,0.013801 \pm 0.002513 \pm 0.000442,-,-,2.63,3.10
LH2,0.75 <= xF < 0.80,5.70 <= Mass < 6.00,0.013127 \pm 0.002737 \pm 0.000393,0.012541 \pm 0.002220 \pm 0.000376,0.012181 \pm 0.002169 \pm 0.000365,-,-,5.06,4.88
LH2,0.75 <= xF < 0.80,6.00 <= Mass < 6.30,0.009537 \pm 0.002384 \pm 0.000307,0.009440 \pm 0.001953 \pm 0.000303,0.009523 \pm 0.001972 \pm 0.000306,-,-,2.11,2.29
LH2,0.75 <= xF < 0.80,6.30 <= Mass < 6.60,0.004077 \pm 0.001823 \pm 0.000117,0.004489 \pm 0.001321 \pm 0.000129,0.004165 \pm 0.001260 \pm 0.000119,-,-,7.52,7.60
LH2,0.75 <= xF < 0.80,6.60 <= Mass < 6.90,0.002978 \pm 0.001489 \pm 0.000095,0.002732 \pm 0.000974 \pm 0.000087,0.002823 \pm 0.000973 \pm 0.000090,-,-,6.20,6.41
LH2,0.75 <= xF < 0.80,6.90 <= Mass < 7.50,0.002079 \pm 0.000930 \pm 0.000055,0.001816 \pm 0.000822 \pm 0.000048,0.001808 \pm 0.000823 \pm 0.000048,-,-,5.15,4.74
LH2,0.75 <= xF < 0.80,7.50 <= Mass < 8.80,0.001006 \pm 0.000581 \pm 0.000033,0.000844 \pm 0.000597 \pm 0.000028,0.000870 \pm 0.000607 \pm 0.000028,-,-,5.04,4.59
LH2,0.80 <= xF < 0.85,3.90 <= Mass < 4.20,0.055133 \pm 0.007918 \pm 0.003018,0.077223 \pm 0.011082 \pm 0.004227,0.071346 \pm 0.010168 \pm 0.003906,-,-,8.02,8.48
LH2,0.80 <= xF < 0.85,4.20 <= Mass < 4.50,0.033864 \pm 0.004549 \pm 0.001724,0.035457 \pm 0.004594 \pm 0.001806,0.038755 \pm 0.004583 \pm 0.001974,-,-,8.95,7.87
LH2,0.80 <= xF < 0.85,4.50 <= Mass < 4.80,0.007832 \pm 0.004652 \pm 0.000330,0.011618 \pm 0.003050 \pm 0.000489,0.011630 \pm 0.003154 \pm 0.000489,-,-,14.38,15.02
LH2,0.80 <= xF < 0.85,4.80 <= Mass < 5.10,0.012417 \pm 0.002604 \pm 0.000455,0.007460 \pm 0.002098 \pm 0.000273,0.007358 \pm 0.002099 \pm 0.000269,-,-,5.46,5.83
LH2,0.80 <= xF < 0.85,5.10 <= Mass < 5.40,0.005554 \pm 0.003307 \pm 0.000211,0.007843 \pm 0.002487 \pm 0.000298,0.007461 \pm 0.002478 \pm 0.000283,-,-,6.08,5.28
LH2,0.80 <= xF < 0.85,5.40 <= Mass < 5.70,0.009843 \pm 0.002461 \pm 0.000316,0.007719 \pm 0.002025 \pm 0.000248,0.007743 \pm 0.002053 \pm 0.000248,-,-,6.97,7.38
LH2,0.80 <= xF < 0.85,5.70 <= Mass < 6.00,0.004711 \pm 0.002027 \pm 0.000153,0.005345 \pm 0.001631 \pm 0.000174,0.005638 \pm 0.001716 \pm 0.000183,-,-,3.93,3.88
LH2,0.80 <= xF < 0.85,6.00 <= Mass < 6.30,0.002249 \pm 0.001124 \pm 0.000070,0.002792 \pm 0.000967 \pm 0.000086,0.002795 \pm 0.000925 \pm 0.000086,-,-,10.58,9.80
LH2,0.80 <= xF < 0.85,6.30 <= Mass < 6.60,0.003014 \pm 0.001348 \pm 0.000097,0.003066 \pm 0.001077 \pm 0.000098,0.003018 \pm 0.001080 \pm 0.000097,-,-,4.34,4.06
LH2,0.80 <= xF < 0.85,6.60 <= Mass < 6.90,0.003630 \pm 0.001815 \pm 0.000113,0.002956 \pm 0.001250 \pm 0.000092,0.002876 \pm 0.001218 \pm 0.000089,-,-,7.76,7.88
LH2,0.80 <= xF < 0.85,6.90 <= Mass < 7.50,0.001010 \pm 0.000714 \pm 0.000027,0.001108 \pm 0.000680 \pm 0.000029,0.001125 \pm 0.000673 \pm 0.000030,-,-,7.77,7.31
LH2,0.80 <= xF < 0.85,7.50 <= Mass < 8.80,0.000337 \pm 0.000337 \pm 0.000013,0.000188 \pm 0.000275 \pm 0.000007,0.000189 \pm 0.000270 \pm 0.000007,-,-,9.54,10.61
LD2,-0.05 <= xF < 0.00,4.50 <= Mass < 4.80,0.223731 \pm 0.223731 \pm 0.087762,-,-,-,-,-,-
LD2,-0.05 <= xF < 0.00,4.80 <= Mass < 5.10,1.169541 \pm 0.932051 \pm 0.456577,1.119852 \pm 0.359741 \pm 0.437179,1.419652 \pm 0.766580 \pm 0.554217,-,-,8.44,6.85
LD2,-0.05 <= xF < 0.00,5.10 <= Mass < 5.40,0.821839 \pm 0.246801 \pm 0.121918,0.878904 \pm 0.316313 \pm 0.130383,0.887651 \pm 0.229071 \pm 0.131681,-,-,4.51,5.24
LD2,-0.05 <= xF < 0.00,5.40 <= Mass < 5.70,0.461160 \pm 0.109431 \pm 0.038877,0.526361 \pm 0.112982 \pm 0.044373,0.529624 \pm 0.086422 \pm 0.044648,-,-,2.93,2.67
LD2,-0.05 <= xF < 0.00,5.70 <= Mass < 6.00,0.285790 \pm 0.051009 \pm 0.018529,0.278662 \pm 0.036409 \pm 0.018067,0.269442 \pm 0.037833 \pm 0.017469,-,-,2.38,2.13
LD2,-0.05 <= xF < 0.00,6.00 <= Mass < 6.30,0.244148 \pm 0.054669 \pm 0.015143,0.201111 \pm 0.039621 \pm 0.012474,0.193303 \pm 0.038188 \pm 0.011989,-,-,2.40,4.69
LD2,-0.05 <= xF < 0.00,6.30 <= Mass < 6.60,0.126580 \pm 0.032456 \pm 0.006890,0.127719 \pm 0.024153 \pm 0.006952,0.133232 \pm 0.022961 \pm 0.007252,-,-,4.39,6.13
LD2,-0.05 <= xF < 0.00,6.60 <= Mass < 6.90,0.065465 \pm 0.025877 \pm 0.004293,0.070072 \pm 0.018422 \pm 0.004595,0.064150 \pm 0.015984 \pm 0.004207,-,-,5.22,7.68
LD2,-0.05 <= xF < 0.00,6.90 <= Mass < 7.50,0.053800 \pm 0.019826 \pm 0.002905,0.043495 \pm 0.016159 \pm 0.002348,0.040552 \pm 0.015225 \pm 0.002190,-,-,3.68,4.00
LD2,-0.05 <= xF < 0.00,7.50 <= Mass < 8.80,0.013363 \pm 0.009449 \pm 0.000902,0.012021 \pm 0.008672 \pm 0.000811,0.011605 \pm 0.007792 \pm 0.000783,-,-,7.34,8.37
LD2,0.00 <= xF < 0.05,4.20 <= Mass < 4.50,0.120090 \pm 0.120090 \pm 0.045112,0.935761 \pm 0.564187 \pm 0.351522,0.798344 \pm 0.471555 \pm 0.299901,-,-,3.46,2.60
LD2,0.00 <= xF < 0.05,4.50 <= Mass < 4.80,1.780570 \pm 0.808995 \pm 0.669403,0.948423 \pm 0.370953 \pm 0.356558,1.523906 \pm 0.576977 \pm 0.572910,-,-,9.89,5.18
LD2,0.00 <= xF < 0.05,4.80 <= Mass < 5.10,1.478072 \pm 0.354675 \pm 0.254598,1.614690 \pm 0.389903 \pm 0.278130,1.480694 \pm 0.402293 \pm 0.255049,-,-,6.12,3.80
LD2,0.00 <= xF < 0.05,5.10 <= Mass < 5.40,0.545219 \pm 0.155191 \pm 0.051189,0.592228 \pm 0.098583 \pm 0.055602,0.574160 \pm 0.113704 \pm 0.053906,-,-,3.11,2.88
LD2,0.00 <= xF < 0.05,5.40 <= Mass < 5.70,0.557355 \pm 0.092528 \pm 0.038770,0.505068 \pm 0.076803 \pm 0.035133,0.459452 \pm 0.069333 \pm 0.031960,-,-,2.61,2.31
LD2,0.00 <= xF < 0.05,5.70 <= Mass < 6.00,0.246499 \pm 0.060011 \pm 0.014523,0.282910 \pm 0.043016 \pm 0.016668,0.306990 \pm 0.047640 \pm 0.018087,-,-,3.74,3.60
LD2,0.00 <= xF < 0.05,6.00 <= Mass < 6.30,0.243528 \pm 0.043160 \pm 0.012301,0.236558 \pm 0.033622 \pm 0.011949,0.262377 \pm 0.035551 \pm 0.013253,-,-,1.75,2.75
LD2,0.00 <= xF < 0.05,6.30 <= Mass < 6.60,0.201274 \pm 0.035360 \pm 0.009235,0.155557 \pm 0.023187 \pm 0.007137,0.166132 \pm 0.021013 \pm 0.007622,-,-,1.86,1.85
LD2,0.00 <= xF < 0.05,6.60 <= Mass < 6.90,0.076246 \pm 0.022010 \pm 0.003871,0.126286 \pm 0.018993 \pm 0.006412,0.121484 \pm 0.017772 \pm 0.006168,-,-,2.99,2.35
LD2,0.00 <= xF < 0.05,6.90 <= Mass < 7.50,0.088642 \pm 0.019821 \pm 0.003561,0.061375 \pm 0.015678 \pm 0.002465,0.052114 \pm 0.013195 \pm 0.002093,-,-,3.69,6.82
LD2,0.00 <= xF < 0.05,7.50 <= Mass < 8.80,0.006410 \pm 0.006410 \pm 0.000595,0.006857 \pm 0.004615 \pm 0.000637,0.008059 \pm 0.004856 \pm 0.000748,-,-,23.52,23.55
LD2,0.05 <= xF < 0.10,3.90 <= Mass < 4.20,0.465790 \pm 0.465790 \pm 0.336537,1.902054 \pm 1.141232 \pm 1.374249,-,-,-,0.00,-
LD2,0.05 <= xF < 0.10,4.20 <= Mass < 4.50,2.292603 \pm 1.375562 \pm 1.656389,1.133659 \pm 1.019435 \pm 0.819060,1.348893 \pm 1.263719 \pm 0.974565,-,-,13.63,10.78
LD2,0.05 <= xF < 0.10,4.50 <= Mass < 4.80,1.269078 \pm 0.529829 \pm 0.307409,2.176381 \pm 0.624360 \pm 0.527185,2.411493 \pm 0.478733 \pm 0.584136,-,-,12.06,13.06
LD2,0.05 <= xF < 0.10,4.80 <= Mass < 5.10,2.083096 \pm 0.235361 \pm 0.256941,1.669511 \pm 0.185639 \pm 0.205927,1.826329 \pm 0.189352 \pm 0.225269,-,-,4.73,6.36
LD2,0.05 <= xF < 0.10,5.10 <= Mass < 5.40,0.593891 \pm 0.101383 \pm 0.042199,0.827229 \pm 0.080724 \pm 0.058779,0.821891 \pm 0.091975 \pm 0.058400,-,-,3.63,7.04
LD2,0.05 <= xF < 0.10,5.40 <= Mass < 5.70,0.388869 \pm 0.057727 \pm 0.020787,0.346823 \pm 0.043263 \pm 0.018540,0.283050 \pm 0.039659 \pm 0.015131,-,-,7.27,7.22
LD2,0.05 <= xF < 0.10,5.70 <= Mass < 6.00,0.346383 \pm 0.049765 \pm 0.016421,0.287382 \pm 0.034162 \pm 0.013624,0.302592 \pm 0.031541 \pm 0.014345,-,-,2.70,1.31
LD2,0.05 <= xF < 0.10,6.00 <= Mass < 6.30,0.210059 \pm 0.036866 \pm 0.009372,0.224410 \pm 0.028344 \pm 0.010012,0.204423 \pm 0.026616 \pm 0.009120,-,-,3.60,4.73
LD2,0.05 <= xF < 0.10,6.30 <= Mass < 6.60,0.198724 \pm 0.032951 \pm 0.008473,0.173713 \pm 0.023049 \pm 0.007407,0.173753 \pm 0.020996 \pm 0.007409,-,-,3.99,2.72
LD2,0.05 <= xF < 0.10,6.60 <= Mass < 6.90,0.115805 \pm 0.025175 \pm 0.005203,0.107717 \pm 0.016909 \pm 0.004840,0.120122 \pm 0.017843 \pm 0.005397,-,-,2.73,3.82
LD2,0.05 <= xF < 0.10,6.90 <= Mass < 7.50,0.049662 \pm 0.013273 \pm 0.001916,0.049100 \pm 0.010614 \pm 0.001894,0.049167 \pm 0.010039 \pm 0.001897,-,-,9.06,9.33
LD2,0.05 <= xF < 0.10,7.50 <= Mass < 8.80,0.016579 \pm 0.006768 \pm 0.000722,0.011727 \pm 0.005584 \pm 0.000511,0.011759 \pm 0.005403 \pm 0.000512,-,-,6.08,6.04
LD2,0.10 <= xF < 0.15,3.90 <= Mass < 4.20,0.436660 \pm 0.195280 \pm 0.155151,-,-,-,-,-,-
LD2,0.10 <= xF < 0.15,4.20 <= Mass < 4.50,3.957888 \pm 0.748790 \pm 1.406203,3.631162 \pm 0.691745 \pm 1.290120,6.601996 \pm 1.166386 \pm 2.345631,-,-,4.90,6.98
LD2,0.10 <= xF < 0.15,4.50 <= Mass < 4.80,1.701149 \pm 0.219622 \pm 0.227604,2.001646 \pm 0.179295 \pm 0.267808,1.906576 \pm 0.170547 \pm 0.255088,-,-,3.80,4.43
LD2,0.10 <= xF < 0.15,4.80 <= Mass < 5.10,1.662349 \pm 0.163678 \pm 0.145897,1.693999 \pm 0.119598 \pm 0.148675,1.657272 \pm 0.144377 \pm 0.145452,-,-,2.36,2.95
LD2,0.10 <= xF < 0.15,5.10 <= Mass < 5.40,0.949504 \pm 0.093874 \pm 0.058323,1.034507 \pm 0.082947 \pm 0.063544,0.888584 \pm 0.071571 \pm 0.054581,-,-,1.42,2.03
LD2,0.10 <= xF < 0.15,5.40 <= Mass < 5.70,0.460647 \pm 0.052511 \pm 0.021776,0.418670 \pm 0.038900 \pm 0.019791,0.411298 \pm 0.037525 \pm 0.019443,-,-,6.26,5.90
LD2,0.10 <= xF < 0.15,5.70 <= Mass < 6.00,0.316209 \pm 0.038992 \pm 0.013335,0.281665 \pm 0.025948 \pm 0.011878,0.330284 \pm 0.026591 \pm 0.013928,-,-,3.61,3.46
LD2,0.10 <= xF < 0.15,6.00 <= Mass < 6.30,0.264420 \pm 0.031006 \pm 0.010600,0.226012 \pm 0.022406 \pm 0.009060,0.235807 \pm 0.022540 \pm 0.009453,-,-,1.21,1.60
LD2,0.10 <= xF < 0.15,6.30 <= Mass < 6.60,0.139462 \pm 0.026219 \pm 0.005496,0.180893 \pm 0.020310 \pm 0.007129,0.162949 \pm 0.018199 \pm 0.006422,-,-,4.39,3.40
LD2,0.10 <= xF < 0.15,6.60 <= Mass < 6.90,0.190113 \pm 0.030406 \pm 0.008151,0.146370 \pm 0.019791 \pm 0.006275,0.138607 \pm 0.019424 \pm 0.005943,-,-,6.65,6.93
LD2,0.10 <= xF < 0.15,6.90 <= Mass < 7.50,0.061334 \pm 0.013031 \pm 0.001999,0.056735 \pm 0.011390 \pm 0.001849,0.058592 \pm 0.011146 \pm 0.001909,-,-,5.73,5.84
LD2,0.10 <= xF < 0.15,7.50 <= Mass < 8.80,0.007916 \pm 0.004570 \pm 0.000395,0.005872 \pm 0.003147 \pm 0.000293,0.005639 \pm 0.003042 \pm 0.000282,-,-,21.50,21.63
LD2,0.15 <= xF < 0.20,3.90 <= Mass < 4.20,0.997977 \pm 1.779258 \pm 0.662900,1.422319 \pm 0.141834 \pm 0.944767,-,-,-,7.56,-
LD2,0.15 <= xF < 0.20,4.20 <= Mass < 4.50,3.097089 \pm 0.440463 \pm 0.724443,2.404840 \pm 0.594346 \pm 0.562518,1.359373 \pm 0.779646 \pm 0.317972,-,-,5.11,6.69
LD2,0.15 <= xF < 0.20,4.50 <= Mass < 4.80,2.406881 \pm 0.192892 \pm 15.142559,2.816329 \pm 0.193260 \pm 17.718547,3.146256 \pm 0.245481 \pm 19.794239,-,-,5.37,5.03
LD2,0.15 <= xF < 0.20,4.80 <= Mass < 5.10,1.572862 \pm 0.119263 \pm 2.164812,1.599027 \pm 0.088135 \pm 2.200823,1.800042 \pm 0.106082 \pm 2.477492,-,-,1.02,1.16
LD2,0.15 <= xF < 0.20,5.10 <= Mass < 5.40,0.834822 \pm 0.069297 \pm 0.042837,0.868990 \pm 0.056526 \pm 0.044590,0.824779 \pm 0.050915 \pm 0.042321,-,-,3.33,3.12
LD2,0.15 <= xF < 0.20,5.40 <= Mass < 5.70,0.541050 \pm 0.043339 \pm 0.023984,0.506357 \pm 0.033173 \pm 0.022447,0.467320 \pm 0.032351 \pm 0.020716,-,-,2.42,3.40
LD2,0.15 <= xF < 0.20,5.70 <= Mass < 6.00,0.359030 \pm 0.033463 \pm 0.013454,0.305924 \pm 0.023154 \pm 0.011464,0.295703 \pm 0.021609 \pm 0.011081,-,-,2.06,2.66
LD2,0.15 <= xF < 0.20,6.00 <= Mass < 6.30,0.207406 \pm 0.027661 \pm 0.007649,0.239268 \pm 0.020965 \pm 0.008823,0.206668 \pm 0.018289 \pm 0.007621,-,-,1.67,1.11
LD2,0.15 <= xF < 0.20,6.30 <= Mass < 6.60,0.224690 \pm 0.029408 \pm 0.008282,0.184316 \pm 0.019819 \pm 0.006794,0.189006 \pm 0.020067 \pm 0.006967,-,-,4.03,5.35
LD2,0.15 <= xF < 0.20,6.60 <= Mass < 6.90,0.115378 \pm 0.020396 \pm 0.004299,0.103157 \pm 0.015213 \pm 0.003843,0.106014 \pm 0.015452 \pm 0.003950,-,-,1.60,2.09
LD2,0.15 <= xF < 0.20,6.90 <= Mass < 7.50,0.043733 \pm 0.012562 \pm 0.001608,0.040155 \pm 0.009432 \pm 0.001477,0.038009 \pm 0.009214 \pm 0.001398,-,-,6.90,5.80
LD2,0.15 <= xF < 0.20,7.50 <= Mass < 8.80,0.018562 \pm 0.005870 \pm 0.000626,0.014032 \pm 0.005303 \pm 0.000474,0.014264 \pm 0.005138 \pm 0.000481,-,-,4.22,5.12
LD2,0.20 <= xF < 0.25,3.90 <= Mass < 4.20,3.028377 \pm 0.856098 \pm 0.968769,4.046427 \pm 0.635173 \pm 1.294440,7.226598 \pm 0.859485 \pm 2.311766,-,-,14.41,7.95
LD2,0.20 <= xF < 0.25,4.20 <= Mass < 4.50,3.192427 \pm 0.237242 \pm 0.410762,3.045282 \pm 0.213810 \pm 0.391829,2.620434 \pm 0.175217 \pm 0.337165,-,-,2.83,2.65
LD2,0.20 <= xF < 0.25,4.50 <= Mass < 4.80,1.600998 \pm 0.126541 \pm 0.115020,1.736625 \pm 0.087865 \pm 0.124764,1.521764 \pm 0.084036 \pm 0.109328,-,-,0.90,1.42
LD2,0.20 <= xF < 0.25,4.80 <= Mass < 5.10,1.258824 \pm 0.069612 \pm 0.066598,1.236255 \pm 0.060777 \pm 0.065404,1.239960 \pm 0.063736 \pm 0.065600,-,-,1.61,1.97
LD2,0.20 <= xF < 0.25,5.10 <= Mass < 5.40,0.845535 \pm 0.057004 \pm 0.037888,0.838453 \pm 0.044532 \pm 0.037570,0.863352 \pm 0.042588 \pm 0.038686,-,-,2.17,1.69
LD2,0.20 <= xF < 0.25,5.40 <= Mass < 5.70,0.559176 \pm 0.042283 \pm 0.022494,0.586429 \pm 0.034198 \pm 0.023590,0.662463 \pm 0.038065 \pm 0.026649,-,-,1.33,0.74
LD2,0.20 <= xF < 0.25,5.70 <= Mass < 6.00,0.443635 \pm 0.039497 \pm 0.016865,0.421018 \pm 0.028329 \pm 0.016005,0.415033 \pm 0.027675 \pm 0.015778,-,-,1.45,2.25
LD2,0.20 <= xF < 0.25,6.00 <= Mass < 6.30,0.260895 \pm 0.028890 \pm 0.009118,0.262031 \pm 0.022389 \pm 0.009158,0.249230 \pm 0.021088 \pm 0.008710,-,-,1.85,0.92
LD2,0.20 <= xF < 0.25,6.30 <= Mass < 6.60,0.202341 \pm 0.026890 \pm 0.007034,0.150232 \pm 0.016539 \pm 0.005222,0.133106 \pm 0.015029 \pm 0.004627,-,-,2.04,3.75
LD2,0.20 <= xF < 0.25,6.60 <= Mass < 6.90,0.062745 \pm 0.015368 \pm 0.002395,0.083789 \pm 0.011662 \pm 0.003198,0.078834 \pm 0.010783 \pm 0.003009,-,-,3.83,5.16
LD2,0.20 <= xF < 0.25,6.90 <= Mass < 7.50,0.056917 \pm 0.011488 \pm 0.001590,0.040104 \pm 0.008686 \pm 0.001120,0.042615 \pm 0.008558 \pm 0.001191,-,-,2.49,1.99
LD2,0.20 <= xF < 0.25,7.50 <= Mass < 8.80,0.009432 \pm 0.003565 \pm 0.000335,0.007954 \pm 0.003080 \pm 0.000283,0.007401 \pm 0.003012 \pm 0.000263,-,-,15.14,12.36
LD2,0.25 <= xF < 0.30,3.90 <= Mass < 4.20,3.427529 \pm 0.295798 \pm 0.512366,3.456329 \pm 0.344383 \pm 0.516671,3.019199 \pm 0.255138 \pm 0.451327,-,-,6.59,3.15
LD2,0.25 <= xF < 0.30,4.20 <= Mass < 4.50,2.656988 \pm 0.169177 \pm 0.242306,2.929969 \pm 0.150799 \pm 0.267201,2.886104 \pm 0.137999 \pm 0.263201,-,-,2.57,5.59
LD2,0.25 <= xF < 0.30,4.50 <= Mass < 4.80,1.708130 \pm 0.092540 \pm 0.102946,1.857087 \pm 0.073879 \pm 0.111923,1.895632 \pm 0.073263 \pm 0.114246,-,-,1.48,1.46
LD2,0.25 <= xF < 0.30,4.80 <= Mass < 5.10,0.993428 \pm 0.059470 \pm 0.046798,0.937988 \pm 0.047721 \pm 0.044186,0.998154 \pm 0.050680 \pm 0.047020,-,-,3.93,5.15
LD2,0.25 <= xF < 0.30,5.10 <= Mass < 5.40,0.736564 \pm 0.045991 \pm 0.030357,0.711320 \pm 0.036192 \pm 0.029317,0.641268 \pm 0.034360 \pm 0.026430,-,-,2.17,2.26
LD2,0.25 <= xF < 0.30,5.40 <= Mass < 5.70,0.433655 \pm 0.033353 \pm 0.015226,0.416455 \pm 0.023803 \pm 0.014622,0.430632 \pm 0.024231 \pm 0.015119,-,-,0.81,0.85
LD2,0.25 <= xF < 0.30,5.70 <= Mass < 6.00,0.375858 \pm 0.029931 \pm 0.013356,0.374580 \pm 0.022221 \pm 0.013310,0.396920 \pm 0.022702 \pm 0.014104,-,-,2.65,2.44
LD2,0.25 <= xF < 0.30,6.00 <= Mass < 6.30,0.274374 \pm 0.024418 \pm 0.008994,0.239727 \pm 0.017793 \pm 0.007858,0.230210 \pm 0.016987 \pm 0.007546,-,-,1.79,1.14
LD2,0.25 <= xF < 0.30,6.30 <= Mass < 6.60,0.146468 \pm 0.020396 \pm 0.004754,0.151144 \pm 0.014707 \pm 0.004905,0.151370 \pm 0.014105 \pm 0.004913,-,-,2.86,1.81
LD2,0.25 <= xF < 0.30,6.60 <= Mass < 6.90,0.081593 \pm 0.016054 \pm 0.002612,0.091710 \pm 0.010463 \pm 0.002936,0.084963 \pm 0.010100 \pm 0.002720,-,-,1.23,1.24
LD2,0.25 <= xF < 0.30,6.90 <= Mass < 7.50,0.072437 \pm 0.010566 \pm 0.001873,0.055436 \pm 0.008898 \pm 0.001433,0.054083 \pm 0.008565 \pm 0.001398,-,-,3.24,3.45
LD2,0.25 <= xF < 0.30,7.50 <= Mass < 8.80,0.009104 \pm 0.003441 \pm 0.000275,0.007801 \pm 0.002864 \pm 0.000236,0.008466 \pm 0.002873 \pm 0.000256,-,-,17.79,18.32
LD2,0.25 <= xF < 0.30,8.80 <= Mass < 10.00,0.006069 \pm 0.006069 \pm 0.000447,0.004875 \pm 0.005387 \pm 0.000359,0.005464 \pm 0.005612 \pm 0.000403,-,-,8.12,6.92
LD2,0.30 <= xF < 0.35,3.90 <= Mass < 4.20,3.087966 \pm 0.193724 \pm 0.320390,3.413529 \pm 0.237758 \pm 0.354169,3.620507 \pm 0.239981 \pm 0.375644,-,-,8.90,9.68
LD2,0.30 <= xF < 0.35,4.20 <= Mass < 4.50,1.892582 \pm 0.095336 \pm 0.118932,1.899507 \pm 0.083704 \pm 0.119368,1.992033 \pm 0.086315 \pm 0.125182,-,-,2.90,3.96
LD2,0.30 <= xF < 0.35,4.50 <= Mass < 4.80,1.374779 \pm 0.073639 \pm 0.072263,1.537444 \pm 0.064533 \pm 0.080814,1.501214 \pm 0.063375 \pm 0.078909,-,-,3.00,2.72
LD2,0.30 <= xF < 0.35,4.80 <= Mass < 5.10,1.146581 \pm 0.056423 \pm 0.050633,1.199568 \pm 0.048350 \pm 0.052973,1.108802 \pm 0.044353 \pm 0.048965,-,-,0.75,1.02
LD2,0.30 <= xF < 0.35,5.10 <= Mass < 5.40,0.717973 \pm 0.039752 \pm 0.027676,0.659950 \pm 0.030514 \pm 0.025439,0.673964 \pm 0.029319 \pm 0.025979,-,-,0.89,0.83
LD2,0.30 <= xF < 0.35,5.40 <= Mass < 5.70,0.440609 \pm 0.032138 \pm 0.015634,0.465532 \pm 0.024979 \pm 0.016518,0.477728 \pm 0.024902 \pm 0.016951,-,-,2.35,2.74
LD2,0.30 <= xF < 0.35,5.70 <= Mass < 6.00,0.341942 \pm 0.027707 \pm 0.011447,0.306980 \pm 0.020565 \pm 0.010276,0.286064 \pm 0.019131 \pm 0.009576,-,-,0.82,0.98
LD2,0.30 <= xF < 0.35,6.00 <= Mass < 6.30,0.231838 \pm 0.022262 \pm 0.007556,0.236146 \pm 0.017524 \pm 0.007696,0.233348 \pm 0.016898 \pm 0.007605,-,-,1.92,2.63
LD2,0.30 <= xF < 0.35,6.30 <= Mass < 6.60,0.171421 \pm 0.021380 \pm 0.005424,0.166668 \pm 0.015659 \pm 0.005274,0.168759 \pm 0.015173 \pm 0.005340,-,-,3.64,3.29
LD2,0.30 <= xF < 0.35,6.60 <= Mass < 6.90,0.111496 \pm 0.016093 \pm 0.003417,0.094711 \pm 0.010786 \pm 0.002902,0.083261 \pm 0.009703 \pm 0.002552,-,-,1.30,2.40
LD2,0.30 <= xF < 0.35,6.90 <= Mass < 7.50,0.046062 \pm 0.009253 \pm 0.001287,0.048394 \pm 0.007924 \pm 0.001352,0.047685 \pm 0.007402 \pm 0.001332,-,-,5.19,6.63
LD2,0.30 <= xF < 0.35,7.50 <= Mass < 8.80,0.018002 \pm 0.004500 \pm 0.000490,0.013685 \pm 0.004040 \pm 0.000372,0.013840 \pm 0.004026 \pm 0.000377,-,-,4.63,4.14
LD2,0.35 <= xF < 0.40,3.90 <= Mass < 4.20,3.665609 \pm 0.148146 \pm 0.304303,3.961061 \pm 0.168046 \pm 0.328830,4.147252 \pm 0.176768 \pm 0.344287,-,-,10.03,10.46
LD2,0.35 <= xF < 0.40,4.20 <= Mass < 4.50,1.888576 \pm 0.086512 \pm 0.111832,2.438092 \pm 0.075080 \pm 0.144371,2.262377 \pm 0.072229 \pm 0.133966,-,-,3.87,4.90
LD2,0.35 <= xF < 0.40,4.50 <= Mass < 4.80,1.401788 \pm 0.059011 \pm 0.065213,1.418177 \pm 0.047381 \pm 0.065976,1.511242 \pm 0.047005 \pm 0.070305,-,-,4.92,3.53
LD2,0.35 <= xF < 0.40,4.80 <= Mass < 5.10,0.968022 \pm 0.045443 \pm 0.038402,0.947544 \pm 0.036581 \pm 0.037589,0.978651 \pm 0.037477 \pm 0.038823,-,-,1.25,1.72
LD2,0.35 <= xF < 0.40,5.10 <= Mass < 5.40,0.588510 \pm 0.033194 \pm 0.020973,0.590282 \pm 0.025963 \pm 0.021036,0.602056 \pm 0.026495 \pm 0.021456,-,-,0.95,2.15
LD2,0.35 <= xF < 0.40,5.40 <= Mass < 5.70,0.420401 \pm 0.029446 \pm 0.014544,0.434425 \pm 0.022627 \pm 0.015029,0.413802 \pm 0.021423 \pm 0.014316,-,-,0.77,0.78
LD2,0.35 <= xF < 0.40,5.70 <= Mass < 6.00,0.323530 \pm 0.025530 \pm 0.010495,0.298719 \pm 0.019112 \pm 0.009690,0.282767 \pm 0.018781 \pm 0.009173,-,-,1.26,1.30
LD2,0.35 <= xF < 0.40,6.00 <= Mass < 6.30,0.190034 \pm 0.018796 \pm 0.005783,0.194067 \pm 0.014989 \pm 0.005906,0.201547 \pm 0.014531 \pm 0.006134,-,-,1.06,0.95
LD2,0.35 <= xF < 0.40,6.30 <= Mass < 6.60,0.129184 \pm 0.018573 \pm 0.003914,0.130542 \pm 0.012930 \pm 0.003955,0.125073 \pm 0.012503 \pm 0.003789,-,-,1.16,1.42
LD2,0.35 <= xF < 0.40,6.60 <= Mass < 6.90,0.114745 \pm 0.016904 \pm 0.003567,0.099176 \pm 0.010990 \pm 0.003083,0.098678 \pm 0.010591 \pm 0.003068,-,-,4.06,3.42
LD2,0.35 <= xF < 0.40,6.90 <= Mass < 7.50,0.059807 \pm 0.009446 \pm 0.001421,0.055881 \pm 0.008314 \pm 0.001328,0.055202 \pm 0.007949 \pm 0.001311,-,-,1.97,1.77
LD2,0.35 <= xF < 0.40,7.50 <= Mass < 8.80,0.014529 \pm 0.003751 \pm 0.000381,0.011736 \pm 0.003382 \pm 0.000308,0.012026 \pm 0.003424 \pm 0.000315,-,-,12.16,10.66
LD2,0.35 <= xF < 0.40,8.80 <= Mass < 10.00,0.003665 \pm 0.003665 \pm 0.000556,0.002692 \pm 0.002819 \pm 0.000409,0.003428 \pm 0.003120 \pm 0.000520,-,-,5.84,5.03
LD2,0.40 <= xF < 0.45,3.90 <= Mass < 4.20,3.216413 \pm 0.116297 \pm 0.227969,4.306901 \pm 0.166917 \pm 0.305260,3.843037 \pm 0.147934 \pm 0.272382,-,-,8.10,9.15
LD2,0.40 <= xF < 0.45,4.20 <= Mass < 4.50,1.677236 \pm 0.073383 \pm 0.091663,1.928010 \pm 0.059510 \pm 0.105368,2.062743 \pm 0.060104 \pm 0.112731,-,-,4.16,3.65
LD2,0.40 <= xF < 0.45,4.50 <= Mass < 4.80,1.199835 \pm 0.049501 \pm 0.051483,1.295230 \pm 0.040546 \pm 0.055577,1.185534 \pm 0.038982 \pm 0.050870,-,-,5.15,7.05
LD2,0.40 <= xF < 0.45,4.80 <= Mass < 5.10,0.852481 \pm 0.038980 \pm 0.032310,0.828750 \pm 0.032453 \pm 0.031410,0.886799 \pm 0.034420 \pm 0.033610,-,-,2.15,2.26
LD2,0.40 <= xF < 0.45,5.10 <= Mass < 5.40,0.548450 \pm 0.031233 \pm 0.018963,0.558479 \pm 0.024563 \pm 0.019310,0.549274 \pm 0.023670 \pm 0.018992,-,-,0.50,0.73
LD2,0.40 <= xF < 0.45,5.40 <= Mass < 5.70,0.395578 \pm 0.025562 \pm 0.012617,0.376749 \pm 0.019656 \pm 0.012016,0.372808 \pm 0.019018 \pm 0.011890,-,-,1.14,1.07
LD2,0.40 <= xF < 0.45,5.70 <= Mass < 6.00,0.279026 \pm 0.022904 \pm 0.008494,0.281137 \pm 0.016998 \pm 0.008558,0.287364 \pm 0.017343 \pm 0.008748,-,-,0.74,0.84
LD2,0.40 <= xF < 0.45,6.00 <= Mass < 6.30,0.179730 \pm 0.017429 \pm 0.005202,0.174018 \pm 0.012984 \pm 0.005036,0.174980 \pm 0.012486 \pm 0.005064,-,-,0.81,1.17
LD2,0.40 <= xF < 0.45,6.30 <= Mass < 6.60,0.130677 \pm 0.016575 \pm 0.003762,0.127373 \pm 0.011859 \pm 0.003667,0.125740 \pm 0.011614 \pm 0.003620,-,-,2.04,2.18
LD2,0.40 <= xF < 0.45,6.60 <= Mass < 6.90,0.091292 \pm 0.015081 \pm 0.002660,0.082480 \pm 0.010271 \pm 0.002403,0.083164 \pm 0.009840 \pm 0.002423,-,-,3.05,2.26
LD2,0.40 <= xF < 0.45,6.90 <= Mass < 7.50,0.039959 \pm 0.008140 \pm 0.000972,0.031587 \pm 0.006612 \pm 0.000769,0.030574 \pm 0.006238 \pm 0.000744,-,-,5.53,6.93
LD2,0.40 <= xF < 0.45,7.50 <= Mass < 8.80,0.005074 \pm 0.003292 \pm 0.000160,0.003262 \pm 0.002324 \pm 0.000103,0.003360 \pm 0.002257 \pm 0.000106,-,-,18.19,18.68
LD2,0.45 <= xF < 0.50,3.90 <= Mass < 4.20,2.429375 \pm 0.083354 \pm 0.149483,3.192200 \pm 0.112924 \pm 0.196421,2.845699 \pm 0.103230 \pm 0.175100,-,-,7.57,9.28
LD2,0.45 <= xF < 0.50,4.20 <= Mass < 4.50,1.297515 \pm 0.053754 \pm 0.064146,1.563315 \pm 0.041943 \pm 0.077286,1.683082 \pm 0.045274 \pm 0.083207,-,-,4.17,3.80
LD2,0.45 <= xF < 0.50,4.50 <= Mass < 4.80,0.938041 \pm 0.039015 \pm 0.037225,0.939865 \pm 0.031455 \pm 0.037297,1.021890 \pm 0.031859 \pm 0.040552,-,-,6.50,7.28
LD2,0.45 <= xF < 0.50,4.80 <= Mass < 5.10,0.709466 \pm 0.033142 \pm 0.025843,0.757162 \pm 0.027559 \pm 0.027581,0.708073 \pm 0.025338 \pm 0.025793,-,-,1.29,2.49
LD2,0.45 <= xF < 0.50,5.10 <= Mass < 5.40,0.492426 \pm 0.026701 \pm 0.015871,0.455868 \pm 0.020174 \pm 0.014693,0.455775 \pm 0.020574 \pm 0.014690,-,-,1.12,2.40
LD2,0.45 <= xF < 0.50,5.40 <= Mass < 5.70,0.322580 \pm 0.022020 \pm 0.010035,0.334581 \pm 0.017257 \pm 0.010408,0.335060 \pm 0.016638 \pm 0.010423,-,-,0.55,0.58
LD2,0.45 <= xF < 0.50,5.70 <= Mass < 6.00,0.233219 \pm 0.019058 \pm 0.006880,0.219656 \pm 0.014112 \pm 0.006480,0.217962 \pm 0.013451 \pm 0.006430,-,-,0.99,0.74
LD2,0.45 <= xF < 0.50,6.00 <= Mass < 6.30,0.189712 \pm 0.018274 \pm 0.005572,0.188778 \pm 0.013654 \pm 0.005545,0.188142 \pm 0.013770 \pm 0.005526,-,-,1.97,1.74
LD2,0.45 <= xF < 0.50,6.30 <= Mass < 6.60,0.124401 \pm 0.014560 \pm 0.003543,0.112643 \pm 0.010430 \pm 0.003208,0.106620 \pm 0.009781 \pm 0.003037,-,-,0.89,0.88
LD2,0.45 <= xF < 0.50,6.60 <= Mass < 6.90,0.061389 \pm 0.012487 \pm 0.001818,0.074192 \pm 0.008659 \pm 0.002197,0.072038 \pm 0.008571 \pm 0.002133,-,-,1.44,1.29
LD2,0.45 <= xF < 0.50,6.90 <= Mass < 7.50,0.050283 \pm 0.007668 \pm 0.001120,0.041331 \pm 0.006591 \pm 0.000920,0.042271 \pm 0.006612 \pm 0.000941,-,-,2.95,3.91
LD2,0.45 <= xF < 0.50,7.50 <= Mass < 8.80,0.010748 \pm 0.003103 \pm 0.000253,0.008565 \pm 0.002855 \pm 0.000202,0.009634 \pm 0.002989 \pm 0.000227,-,-,12.28,12.69
LD2,0.50 <= xF < 0.55,3.90 <= Mass < 4.20,1.764504 \pm 0.065657 \pm 0.096301,2.287498 \pm 0.090064 \pm 0.124844,2.133309 \pm 0.083545 \pm 0.116429,-,-,6.90,7.29
LD2,0.50 <= xF < 0.55,4.20 <= Mass < 4.50,1.146842 \pm 0.044399 \pm 0.053231,1.330191 \pm 0.037890 \pm 0.061741,1.416684 \pm 0.037730 \pm 0.065755,-,-,3.40,2.30
LD2,0.50 <= xF < 0.55,4.50 <= Mass < 4.80,0.823666 \pm 0.036832 \pm 0.033374,0.895159 \pm 0.030236 \pm 0.036271,0.917354 \pm 0.030467 \pm 0.037170,-,-,4.74,5.51
LD2,0.50 <= xF < 0.55,4.80 <= Mass < 5.10,0.542515 \pm 0.027826 \pm 0.019199,0.526425 \pm 0.022220 \pm 0.018630,0.521899 \pm 0.021405 \pm 0.018470,-,-,2.52,2.90
LD2,0.50 <= xF < 0.55,5.10 <= Mass < 5.40,0.375260 \pm 0.022227 \pm 0.011958,0.374072 \pm 0.018178 \pm 0.011920,0.371971 \pm 0.018034 \pm 0.011853,-,-,0.56,0.58
LD2,0.50 <= xF < 0.55,5.40 <= Mass < 5.70,0.262484 \pm 0.020788 \pm 0.008120,0.247468 \pm 0.015520 \pm 0.007656,0.238944 \pm 0.014938 \pm 0.007392,-,-,0.81,0.91
LD2,0.50 <= xF < 0.55,5.70 <= Mass < 6.00,0.180624 \pm 0.016763 \pm 0.005202,0.172279 \pm 0.012146 \pm 0.004962,0.177382 \pm 0.012317 \pm 0.005109,-,-,1.12,1.03
LD2,0.50 <= xF < 0.55,6.00 <= Mass < 6.30,0.139078 \pm 0.015102 \pm 0.003951,0.135197 \pm 0.010858 \pm 0.003841,0.134273 \pm 0.010544 \pm 0.003814,-,-,0.84,0.88
LD2,0.50 <= xF < 0.55,6.30 <= Mass < 6.60,0.078369 \pm 0.011760 \pm 0.002253,0.094787 \pm 0.009481 \pm 0.002725,0.092096 \pm 0.008891 \pm 0.002648,-,-,0.97,1.13
LD2,0.50 <= xF < 0.55,6.60 <= Mass < 6.90,0.080202 \pm 0.011956 \pm 0.002251,0.068131 \pm 0.008134 \pm 0.001912,0.069289 \pm 0.008362 \pm 0.001945,-,-,3.25,3.33
LD2,0.50 <= xF < 0.55,6.90 <= Mass < 7.50,0.035854 \pm 0.006609 \pm 0.000760,0.032974 \pm 0.005620 \pm 0.000699,0.034870 \pm 0.005612 \pm 0.000739,-,-,1.69,1.78
LD2,0.50 <= xF < 0.55,7.50 <= Mass < 8.80,0.010781 \pm 0.002881 \pm 0.000270,0.007599 \pm 0.002528 \pm 0.000190,0.007876 \pm 0.002538 \pm 0.000197,-,-,10.47,11.27
LD2,0.55 <= xF < 0.60,3.90 <= Mass < 4.20,1.267928 \pm 0.048132 \pm 0.063872,1.561750 \pm 0.061381 \pm 0.078673,1.561098 \pm 0.062834 \pm 0.078640,-,-,7.31,7.70
LD2,0.55 <= xF < 0.60,4.20 <= Mass < 4.50,0.802721 \pm 0.034483 \pm 0.034467,0.989815 \pm 0.029662 \pm 0.042500,0.979518 \pm 0.030462 \pm 0.042058,-,-,4.35,4.63
LD2,0.55 <= xF < 0.60,4.50 <= Mass < 4.80,0.551783 \pm 0.027999 \pm 0.022149,0.560235 \pm 0.022258 \pm 0.022489,0.571855 \pm 0.021710 \pm 0.022955,-,-,6.56,6.25
LD2,0.55 <= xF < 0.60,4.80 <= Mass < 5.10,0.480213 \pm 0.025096 \pm 0.017703,0.458133 \pm 0.020234 \pm 0.016889,0.462020 \pm 0.020084 \pm 0.017032,-,-,0.56,1.03
LD2,0.55 <= xF < 0.60,5.10 <= Mass < 5.40,0.293769 \pm 0.019436 \pm 0.010166,0.332057 \pm 0.016031 \pm 0.011491,0.329471 \pm 0.016050 \pm 0.011401,-,-,2.31,1.73
LD2,0.55 <= xF < 0.60,5.40 <= Mass < 5.70,0.214730 \pm 0.017057 \pm 0.007004,0.186988 \pm 0.012869 \pm 0.006100,0.191267 \pm 0.013483 \pm 0.006239,-,-,0.84,0.90
LD2,0.55 <= xF < 0.60,5.70 <= Mass < 6.00,0.102724 \pm 0.013664 \pm 0.003281,0.110882 \pm 0.009841 \pm 0.003542,0.109041 \pm 0.009502 \pm 0.003483,-,-,3.26,2.85
LD2,0.55 <= xF < 0.60,6.00 <= Mass < 6.30,0.092703 \pm 0.013267 \pm 0.002899,0.084765 \pm 0.009671 \pm 0.002651,0.081891 \pm 0.009252 \pm 0.002561,-,-,1.43,1.48
LD2,0.55 <= xF < 0.60,6.30 <= Mass < 6.60,0.063221 \pm 0.010338 \pm 0.001870,0.061520 \pm 0.007112 \pm 0.001820,0.062189 \pm 0.007069 \pm 0.001840,-,-,3.63,3.23
LD2,0.55 <= xF < 0.60,6.60 <= Mass < 6.90,0.055950 \pm 0.010049 \pm 0.001742,0.052608 \pm 0.007392 \pm 0.001637,0.051872 \pm 0.007177 \pm 0.001615,-,-,4.58,4.47
LD2,0.55 <= xF < 0.60,6.90 <= Mass < 7.50,0.024857 \pm 0.004971 \pm 0.000614,0.024368 \pm 0.004371 \pm 0.000602,0.023416 \pm 0.004254 \pm 0.000579,-,-,2.28,2.17
LD2,0.55 <= xF < 0.60,7.50 <= Mass < 8.80,0.007649 \pm 0.002419 \pm 0.000187,0.006025 \pm 0.002225 \pm 0.000148,0.006567 \pm 0.002294 \pm 0.000161,-,-,6.89,6.38
LD2,0.55 <= xF < 0.60,8.80 <= Mass < 10.00,0.002398 \pm 0.002398 \pm 0.000148,0.001755 \pm 0.002194 \pm 0.000108,0.002010 \pm 0.002280 \pm 0.000124,-,-,5.22,4.96
LD2,0.60 <= xF < 0.65,3.90 <= Mass < 4.20,1.034566 \pm 0.039997 \pm 0.052336,1.198846 \pm 0.049472 \pm 0.060646,1.192821 \pm 0.048932 \pm 0.060342,-,-,6.66,5.83
LD2,0.60 <= xF < 0.65,4.20 <= Mass < 4.50,0.636025 \pm 0.030774 \pm 0.028787,0.875194 \pm 0.026251 \pm 0.039612,0.859570 \pm 0.025862 \pm 0.038905,-,-,2.98,2.49
LD2,0.60 <= xF < 0.65,4.50 <= Mass < 4.80,0.486141 \pm 0.024310 \pm 0.019424,0.449951 \pm 0.019928 \pm 0.017978,0.473532 \pm 0.020599 \pm 0.018921,-,-,5.15,4.80
LD2,0.60 <= xF < 0.65,4.80 <= Mass < 5.10,0.318699 \pm 0.021038 \pm 0.012489,0.348548 \pm 0.017111 \pm 0.013659,0.343258 \pm 0.016394 \pm 0.013452,-,-,2.14,1.67
LD2,0.60 <= xF < 0.65,5.10 <= Mass < 5.40,0.207334 \pm 0.015612 \pm 0.007411,0.210488 \pm 0.012644 \pm 0.007523,0.212366 \pm 0.012900 \pm 0.007590,-,-,0.90,0.73
LD2,0.60 <= xF < 0.65,5.40 <= Mass < 5.70,0.140852 \pm 0.013338 \pm 0.004746,0.130899 \pm 0.010159 \pm 0.004411,0.127780 \pm 0.009948 \pm 0.004306,-,-,0.90,1.18
LD2,0.60 <= xF < 0.65,5.70 <= Mass < 6.00,0.100964 \pm 0.012464 \pm 0.003393,0.100734 \pm 0.009273 \pm 0.003385,0.098324 \pm 0.008932 \pm 0.003304,-,-,1.45,1.11
LD2,0.60 <= xF < 0.65,6.00 <= Mass < 6.30,0.084010 \pm 0.012011 \pm 0.002723,0.083450 \pm 0.008830 \pm 0.002705,0.081711 \pm 0.008531 \pm 0.002649,-,-,3.30,3.34
LD2,0.60 <= xF < 0.65,6.30 <= Mass < 6.60,0.059817 \pm 0.009704 \pm 0.001974,0.055270 \pm 0.007486 \pm 0.001824,0.058790 \pm 0.007525 \pm 0.001940,-,-,2.47,2.72
LD2,0.60 <= xF < 0.65,6.60 <= Mass < 6.90,0.034752 \pm 0.008841 \pm 0.001165,0.035059 \pm 0.006077 \pm 0.001176,0.033567 \pm 0.005996 \pm 0.001126,-,-,2.22,2.26
LD2,0.60 <= xF < 0.65,6.90 <= Mass < 7.50,0.016499 \pm 0.004260 \pm 0.000456,0.014864 \pm 0.003618 \pm 0.000411,0.015534 \pm 0.003604 \pm 0.000429,-,-,4.33,4.63
LD2,0.60 <= xF < 0.65,7.50 <= Mass < 8.80,0.006772 \pm 0.002394 \pm 0.000218,0.005187 \pm 0.002291 \pm 0.000167,0.005015 \pm 0.002214 \pm 0.000162,-,-,3.86,4.40
LD2,0.65 <= xF < 0.70,3.90 <= Mass < 4.20,0.643455 \pm 0.031648 \pm 0.033148,0.815637 \pm 0.041410 \pm 0.042018,0.797111 \pm 0.039985 \pm 0.041064,-,-,7.37,8.23
LD2,0.65 <= xF < 0.70,4.20 <= Mass < 4.50,0.420195 \pm 0.023282 \pm 0.019846,0.554151 \pm 0.021147 \pm 0.026173,0.582110 \pm 0.020961 \pm 0.027494,-,-,4.43,4.09
LD2,0.65 <= xF < 0.70,4.50 <= Mass < 4.80,0.282971 \pm 0.018338 \pm 0.012309,0.288837 \pm 0.015011 \pm 0.012564,0.283232 \pm 0.014675 \pm 0.012320,-,-,6.01,7.60
LD2,0.65 <= xF < 0.70,4.80 <= Mass < 5.10,0.207500 \pm 0.016092 \pm 0.008436,0.186161 \pm 0.012043 \pm 0.007568,0.186337 \pm 0.011924 \pm 0.007575,-,-,2.32,2.30
LD2,0.65 <= xF < 0.70,5.10 <= Mass < 5.40,0.124244 \pm 0.013266 \pm 0.004859,0.138722 \pm 0.010861 \pm 0.005425,0.142358 \pm 0.010936 \pm 0.005567,-,-,0.85,1.61
LD2,0.65 <= xF < 0.70,5.40 <= Mass < 5.70,0.108128 \pm 0.010977 \pm 0.004051,0.096037 \pm 0.008282 \pm 0.003598,0.093239 \pm 0.007641 \pm 0.003493,-,-,3.46,3.46
LD2,0.65 <= xF < 0.70,5.70 <= Mass < 6.00,0.069810 \pm 0.009688 \pm 0.002583,0.069782 \pm 0.007413 \pm 0.002582,0.069816 \pm 0.007394 \pm 0.002583,-,-,1.82,1.79
LD2,0.65 <= xF < 0.70,6.00 <= Mass < 6.30,0.041803 \pm 0.008382 \pm 0.001571,0.040805 \pm 0.006151 \pm 0.001534,0.041243 \pm 0.005962 \pm 0.001550,-,-,2.76,3.23
LD2,0.65 <= xF < 0.70,6.30 <= Mass < 6.60,0.022200 \pm 0.006388 \pm 0.000808,0.022335 \pm 0.004304 \pm 0.000812,0.021246 \pm 0.004101 \pm 0.000773,-,-,2.55,3.03
LD2,0.65 <= xF < 0.70,6.60 <= Mass < 6.90,0.019632 \pm 0.005667 \pm 0.000704,0.013554 \pm 0.003482 \pm 0.000486,0.013324 \pm 0.003301 \pm 0.000478,-,-,3.02,3.21
LD2,0.65 <= xF < 0.70,6.90 <= Mass < 7.50,0.007164 \pm 0.002708 \pm 0.000231,0.007464 \pm 0.002352 \pm 0.000241,0.007458 \pm 0.002280 \pm 0.000241,-,-,4.88,4.65
LD2,0.65 <= xF < 0.70,7.50 <= Mass < 8.80,0.005031 \pm 0.001779 \pm 0.000158,0.004210 \pm 0.001808 \pm 0.000132,0.004293 \pm 0.001815 \pm 0.000135,-,-,4.40,5.01
LD2,0.70 <= xF < 0.75,3.90 <= Mass < 4.20,0.362302 \pm 0.026109 \pm 0.018864,0.508302 \pm 0.037112 \pm 0.026466,0.519265 \pm 0.039404 \pm 0.027036,-,-,7.06,6.75
LD2,0.70 <= xF < 0.75,4.20 <= Mass < 4.50,0.287146 \pm 0.019415 \pm 0.013218,0.335619 \pm 0.016044 \pm 0.015449,0.329175 \pm 0.016536 \pm 0.015153,-,-,2.09,1.58
LD2,0.70 <= xF < 0.75,4.50 <= Mass < 4.80,0.179849 \pm 0.014634 \pm 0.007368,0.193392 \pm 0.012250 \pm 0.007923,0.197363 \pm 0.012191 \pm 0.008086,-,-,6.67,6.35
LD2,0.70 <= xF < 0.75,4.80 <= Mass < 5.10,0.114484 \pm 0.012248 \pm 0.004295,0.102425 \pm 0.008857 \pm 0.003843,0.106931 \pm 0.009192 \pm 0.004012,-,-,5.11,5.36
LD2,0.70 <= xF < 0.75,5.10 <= Mass < 5.40,0.083885 \pm 0.009886 \pm 0.003083,0.085614 \pm 0.007837 \pm 0.003146,0.080809 \pm 0.007269 \pm 0.002970,-,-,1.04,1.06
LD2,0.70 <= xF < 0.75,5.40 <= Mass < 5.70,0.066957 \pm 0.008943 \pm 0.002295,0.068284 \pm 0.007004 \pm 0.002340,0.068480 \pm 0.006988 \pm 0.002347,-,-,4.73,4.62
LD2,0.70 <= xF < 0.75,5.70 <= Mass < 6.00,0.049693 \pm 0.007857 \pm 0.001678,0.045637 \pm 0.005959 \pm 0.001541,0.045587 \pm 0.005869 \pm 0.001539,-,-,2.59,3.79
LD2,0.70 <= xF < 0.75,6.00 <= Mass < 6.30,0.024580 \pm 0.006303 \pm 0.000826,0.025480 \pm 0.004583 \pm 0.000857,0.026614 \pm 0.004741 \pm 0.000895,-,-,3.76,3.63
LD2,0.70 <= xF < 0.75,6.30 <= Mass < 6.60,0.013771 \pm 0.004355 \pm 0.000436,0.011085 \pm 0.003530 \pm 0.000351,0.010477 \pm 0.003189 \pm 0.000331,-,-,6.45,7.79
LD2,0.70 <= xF < 0.75,6.60 <= Mass < 6.90,0.007846 \pm 0.005785 \pm 0.000335,0.006920 \pm 0.003255 \pm 0.000296,0.006756 \pm 0.003123 \pm 0.000289,-,-,5.21,5.84
LD2,0.70 <= xF < 0.75,6.90 <= Mass < 7.50,0.003697 \pm 0.002264 \pm 0.000136,0.002970 \pm 0.001777 \pm 0.000109,0.002942 \pm 0.001733 \pm 0.000108,-,-,5.55,5.55
LD2,0.70 <= xF < 0.75,7.50 <= Mass < 8.80,0.001321 \pm 0.000934 \pm 0.000035,0.000975 \pm 0.000893 \pm 0.000026,0.000991 \pm 0.000890 \pm 0.000026,-,-,6.15,6.43
LD2,0.75 <= xF < 0.80,3.90 <= Mass < 4.20,0.252827 \pm 0.019767 \pm 0.014094,0.349914 \pm 0.028227 \pm 0.019506,0.334075 \pm 0.027462 \pm 0.018623,-,-,8.22,8.74
LD2,0.75 <= xF < 0.80,4.20 <= Mass < 4.50,0.143871 \pm 0.012510 \pm 0.007018,0.183911 \pm 0.011220 \pm 0.008971,0.188771 \pm 0.011201 \pm 0.009208,-,-,5.70,4.44
LD2,0.75 <= xF < 0.80,4.50 <= Mass < 4.80,0.090485 \pm 0.011307 \pm 0.003547,0.095810 \pm 0.008961 \pm 0.003756,0.103840 \pm 0.009353 \pm 0.004071,-,-,10.32,11.12
LD2,0.75 <= xF < 0.80,4.80 <= Mass < 5.10,0.075533 \pm 0.008814 \pm 0.002635,0.068576 \pm 0.006771 \pm 0.002392,0.069472 \pm 0.006868 \pm 0.002423,-,-,1.25,1.80
LD2,0.75 <= xF < 0.80,5.10 <= Mass < 5.40,0.067464 \pm 0.008778 \pm 0.002218,0.063496 \pm 0.006974 \pm 0.002088,0.062087 \pm 0.006728 \pm 0.002041,-,-,5.02,4.61
LD2,0.75 <= xF < 0.80,5.40 <= Mass < 5.70,0.040439 \pm 0.007082 \pm 0.001255,0.041840 \pm 0.005666 \pm 0.001298,0.040640 \pm 0.005526 \pm 0.001261,-,-,1.81,2.18
LD2,0.75 <= xF < 0.80,5.70 <= Mass < 6.00,0.027408 \pm 0.006259 \pm 0.000848,0.026935 \pm 0.004626 \pm 0.000834,0.026662 \pm 0.004573 \pm 0.000825,-,-,2.16,2.05
LD2,0.75 <= xF < 0.80,6.00 <= Mass < 6.30,0.016801 \pm 0.004490 \pm 0.000551,0.016504 \pm 0.003440 \pm 0.000541,0.016073 \pm 0.003324 \pm 0.000527,-,-,1.97,2.07
LD2,0.75 <= xF < 0.80,6.30 <= Mass < 6.60,0.013653 \pm 0.004317 \pm 0.000401,0.010534 \pm 0.002779 \pm 0.000309,0.010814 \pm 0.002902 \pm 0.000317,-,-,2.73,2.83
LD2,0.75 <= xF < 0.80,6.60 <= Mass < 6.90,0.005791 \pm 0.002896 \pm 0.000175,0.005258 \pm 0.001994 \pm 0.000159,0.005317 \pm 0.001943 \pm 0.000161,-,-,7.93,8.94
LD2,0.75 <= xF < 0.80,6.90 <= Mass < 7.50,0.002611 \pm 0.001508 \pm 0.000069,0.002385 \pm 0.001241 \pm 0.000063,0.002502 \pm 0.001225 \pm 0.000066,-,-,8.91,9.55
LD2,0.75 <= xF < 0.80,7.50 <= Mass < 8.80,0.002333 \pm 0.001166 \pm 0.000065,0.002067 \pm 0.001209 \pm 0.000057,0.002053 \pm 0.001210 \pm 0.000057,-,-,5.12,6.09
LD2,0.80 <= xF < 0.85,3.90 <= Mass < 4.20,0.127444 \pm 0.014829 \pm 0.007247,0.174629 \pm 0.020573 \pm 0.009930,0.170741 \pm 0.020172 \pm 0.009709,-,-,7.55,7.39
LD2,0.80 <= xF < 0.85,4.20 <= Mass < 4.50,0.064410 \pm 0.008944 \pm 0.003140,0.078566 \pm 0.007786 \pm 0.003830,0.081872 \pm 0.007824 \pm 0.003991,-,-,6.93,6.31
LD2,0.80 <= xF < 0.85,4.50 <= Mass < 4.80,0.041462 \pm 0.008131 \pm 0.001633,0.040629 \pm 0.006266 \pm 0.001600,0.039144 \pm 0.006296 \pm 0.001542,-,-,9.64,9.43
LD2,0.80 <= xF < 0.85,4.80 <= Mass < 5.10,0.029887 \pm 0.005704 \pm 0.001086,0.025583 \pm 0.004306 \pm 0.000930,0.027296 \pm 0.004380 \pm 0.000992,-,-,2.92,2.59
LD2,0.80 <= xF < 0.85,5.10 <= Mass < 5.40,0.023758 \pm 0.005725 \pm 0.000814,0.022430 \pm 0.004334 \pm 0.000769,0.022372 \pm 0.004314 \pm 0.000767,-,-,3.73,3.22
LD2,0.80 <= xF < 0.85,5.40 <= Mass < 5.70,0.017590 \pm 0.004542 \pm 0.000620,0.020387 \pm 0.004137 \pm 0.000718,0.019720 \pm 0.003939 \pm 0.000695,-,-,5.92,4.70
LD2,0.80 <= xF < 0.85,5.70 <= Mass < 6.00,0.015367 \pm 0.004436 \pm 0.000476,0.010861 \pm 0.002975 \pm 0.000337,0.011689 \pm 0.003204 \pm 0.000362,-,-,3.71,2.73
LD2,0.80 <= xF < 0.85,6.00 <= Mass < 6.30,0.002134 \pm 0.001509 \pm 0.000074,0.006219 \pm 0.001921 \pm 0.000217,0.005975 \pm 0.001817 \pm 0.000208,-,-,9.85,10.30
LD2,0.80 <= xF < 0.85,6.30 <= Mass < 6.60,0.008598 \pm 0.003510 \pm 0.000259,0.005657 \pm 0.002194 \pm 0.000170,0.005725 \pm 0.002191 \pm 0.000172,-,-,3.63,3.88
LD2,0.80 <= xF < 0.85,6.60 <= Mass < 6.90,0.005156 \pm 0.002977 \pm 0.000151,0.005805 \pm 0.002234 \pm 0.000170,0.005525 \pm 0.002153 \pm 0.000162,-,-,10.76,10.25
LD2,0.80 <= xF < 0.85,6.90 <= Mass < 7.50,0.003455 \pm 0.001995 \pm 0.000094,0.002684 \pm 0.001778 \pm 0.000073,0.002707 \pm 0.001746 \pm 0.000073,-,-,7.06,6.59
LD2,0.80 <= xF < 0.85,8.80 <= Mass < 10.00,0.001798 \pm 0.001798 \pm 0.000053,0.001895 \pm 0.001951 \pm 0.000056,0.001862 \pm 0.001917 \pm 0.000055,-,-,2.00,2.03
