recoeff,recoeff_error,hodoeff,hodoeff_error
0.34504993125175265,0.011299289020844677,0.9073898314290477,0.04686628326499077
0.8842578751550558,0.03469733390004379,0.960612027992303,0.015226311195752957
0.43820341568318255,0.006094936166553331,0.9132791626867905,0.029820337698400902
0.5299298495157846,0.006548395899988289,0.973873232900194,0.005212307216881312
0.39504295305598713,0.0067072590470853505,0.9488329666410578,0.009582829334391764
0.8842067727735967,0.03099682082349177,1.0,0.0
0.5346658675659235,0.006175956670579391,1.0,0.0
0.4959182578469108,0.005874826312310664,1.0,0.0
0.8495685932748972,0.015225728753459062,1.0,0.0
0.7533905417807643,0.008789732692101615,1.0,0.0
0.5654499848918264,0.007106054089911928,1.0,0.0
0.5961328452241388,0.0062386873879289205,1.0,0.0
0.6530292017117325,0.006640645907331733,1.0,0.0
0.644968750014662,0.00702630590725174,1.0,0.0
0.6369082983175915,0.008301314323872535,1.0,0.0
0.4468601916762719,0.006307216574843401,1.0,0.0
0.7423220923182335,0.008930714557027547,1.0,0.0
0.5843489821876108,0.007129537731885767,1.0,0.0
0.47599591357645193,0.007650404742816878,1.0,0.0
0.5488739217163402,0.0058778100326448675,1.0,0.0
0.38892856909527096,0.008167672853368196,1.0,0.0
0.6707621954452876,0.009096154957527665,0.97122858731755,0.007710735548636817
0.8710922343538423,0.0225091660172708,0.9694375461783569,0.01610104811169459
0.42954663969009327,0.0062330713731939096,0.9700398687999824,0.0063295983130687615
0.5031627466725322,0.006276821530295845,0.8805657585330976,0.053171830134775604

average recoeff,0.5947446649918297
propagated recoeff_error (without correlations),0.002545189264248634
propagated recoeff_error (with correlations),0.005376863296691689
average hodoeff,0.9798103592991352
propagated hodoeff_error,0.0032551612906050642
total_eff = average recoeff (with correlations) * average hodoeff,0.5827369838968884
total_eff_error = propagated error of total_eff,0.005612762994977001
